ts,rg1,rg2,rg1tt,rg2tt,rg1tp,rg2tp,temp_bmx,press_bmx,temp_mcp,temp_sht,humidity_sht,si1145_vis,si1145_ir,si1145_uv,wind_spd,wind_dir,wind_gust,wind_gust_dir,heat_idx,wet_bulb_temp,wet_bulb_globe_temp
2026-04-18T00:00:05Z,0,0,8.2,0,1,0,17.5,847.8,17.6,17.8,96.2,260,252,0,0,179,0.2,0.2,18,17.4,13.7
2026-04-18T00:15:12Z,0,0,8.2,0,1,0,17.5,847.7,17.6,17.9,96.3,259,254,0,0.1,179,0.4,0.4,18,17.4,13.8
2026-04-18T00:30:19Z,0,0,8.2,0,1,0,17.5,847.6,17.6,17.9,96.4,261,253,0,0,179,0,0,18.1,17.4,13.8
2026-04-18T00:45:26Z,0,0,8.2,0,1,0,17.4,847.6,17.5,17.8,96.5,259,253,0,0,179,0,0,17.9,17.3,13.7
2026-04-18T01:00:49Z,0,0,8.2,0,1,0,17.3,847.7,17.4,17.6,96.5,258,253,0,0,179,0,0,17.8,17.2,13.5
2026-04-18T01:15:56Z,0,0,8.2,0,1,0,17,847.9,17.1,17.4,96.5,261,252,0,0.4,179,1.1,1.1,17.6,17,13.3
2026-04-18T01:31:03Z,0,0,10.2,0,1,0,16.6,847.9,16.7,17,96.6,260,252,0,0.5,172,1.5,1.5,17.2,16.6,12.9
2026-04-18T01:46:10Z,0.2,0,11,0,1,0,16.6,847.8,16.7,17,96.7,260,253,0,0.1,188,0.7,0.7,17.1,16.6,12.9
2026-04-18T02:01:17Z,0,0,11.6,0,1,0,16.6,847.7,16.7,17,96.8,260,253,0,0.8,160,2,2,17.1,16.6,12.9
2026-04-18T02:16:24Z,0,0,11.8,0,1,0,16.7,847.5,16.8,17,96.9,262,253,0,0.1,161,0.7,0.7,17.2,16.7,12.9
2026-04-18T02:31:48Z,0,0,12.4,0,1,0,16.8,847.5,16.9,17.2,97,261,254,0,0,161,0,0,17.3,16.8,13.1
2026-04-18T02:46:54Z,0,0,12.4,0,1,0,16.7,847.6,16.8,17.1,97,261,254,0,0,161,0,0,17.2,16.7,13
2026-04-18T03:02:01Z,0,0,12.4,0,1,0,16.6,847.7,16.8,17,97.1,260,253,0,0,161,0,0,17.2,16.7,13
2026-04-18T03:17:08Z,0,0,12.4,0,1,0,16.7,847.8,16.8,17,97.1,261,257,0,0,161,0,0,17.2,16.7,12.9
2026-04-18T03:32:15Z,0,0,12.4,0.1,1,0,16.8,848,16.9,17.2,97.2,266,327,0,0,161,0,0,17.4,16.9,13.1
2026-04-18T03:47:22Z,0,0,12.6,0.1,1,0,17,848.3,17.1,17.3,97.2,275,434,0,0,161,0,0,17.5,17,13.3
2026-04-18T04:02:28Z,0,0,12.6,0.2,1,0,17.1,848.6,17.2,17.5,97.3,291,559,0,0.1,161,0.5,0.5,17.6,17.1,13.4
2026-04-18T04:17:53Z,0,0,12.6,0.3,1,0,17.3,848.9,17.4,17.6,97.3,312,785,0,0,161,0,0,17.8,17.3,13.5
2026-04-18T04:32:59Z,0,0,12.6,0.4,1,0,17.6,849,17.7,18,97.3,338,1017,0,0.1,161,0.7,0.7,18.1,17.6,13.9
2026-04-18T04:48:05Z,0,0,12.6,0.7,1,0,17.6,849.1,17.7,18,97.3,381,1564,0,0,161,0.2,0.2,18.2,17.7,13.9
2026-04-18T05:03:12Z,0,0,12.6,0.6,1,0,17.7,849.2,17.8,18.1,97.1,363,1322,0,0,79,0,0,18.3,17.7,14
2026-04-18T05:18:19Z,0,0,12.6,0.6,1,0,17.9,849.4,18.1,18.4,96.8,369,1337,0,0.8,81,1.5,1.5,18.6,18,14.3
2026-04-18T05:33:26Z,0,0,12.6,0.7,1,0,17.9,849.9,18.1,18.5,95.6,393,1636,0,0.5,76,1.3,1.3,18.6,17.9,14.3
2026-04-18T05:48:32Z,0,0,12.6,0.6,1,0,18,850.2,18.1,18.4,93.6,374,1491,0,0.3,122,1.3,1.3,18.6,17.7,14.3
2026-04-18T06:03:58Z,0,0,0,1.1,12.6,0,18.4,850.3,18.6,18.8,91.7,466,2452,0,0.5,80,2,2,19,17.8,14.6
2026-04-18T06:19:05Z,0,0,0,2.6,12.6,0,20,850.4,20.2,20.1,87.3,736,5262,0,0.3,65,1.3,1.3,20.3,18.6,15.8
2026-04-18T06:34:05Z,0,0,0,3.5,12.6,0,21.4,850.6,21.6,21.6,79.9,921,7362,0,1.7,77,4.1,4.1,21.8,19.1,17.1
2026-04-18T06:49:11Z,0,0,0,2.4,12.6,0,21.4,850.6,21.7,21.8,79.3,703,4829,0,0.9,62,1.3,1.3,22,19.2,17.3
2026-04-18T07:04:17Z,0,0,0,1.5,12.6,0,22.2,850.8,22.6,22.5,77.1,531,3019,0,0.1,117,0.2,0.2,22.7,19.6,17.9
2026-04-18T07:19:23Z,0,0,0,1.1,12.6,0,21,850.9,21.4,21.6,77.3,466,2378,0,0.5,153,1.5,1.5,21.8,18.8,17.1
2026-04-18T07:34:29Z,0,0,0,2.9,12.6,0,21.2,850.7,21.5,21.8,79.9,798,5869,0,0,138,0,0,21.9,19.2,17.2
2026-04-18T07:49:36Z,0,0,0,4.5,12.6,0,22.4,850.6,22.8,22.9,75,1090,9040,0,0.7,107,1.7,1.7,23,19.6,18.2
2026-04-18T08:04:42Z,0,0,0,1.1,12.6,0,22.5,850.5,22.8,23.4,70.2,463,2381,0,0.6,139,2.4,2.4,23.5,19.5,18.5
2026-04-18T08:20:04Z,0,0,0,2.7,12.6,0,22.5,850.4,23.2,23,72.4,755,5284,0,0.2,183,1.3,1.3,23.2,19.4,18.3
2026-04-18T08:35:10Z,0,0,0,1.5,12.6,0,23.4,850.3,23.7,24,71.5,532,3068,0,0,141,0,0,24.2,20.3,19.1
2026-04-18T08:50:16Z,0,0,0,1.5,12.6,0,22.4,850.2,22.9,23,74.6,542,3169,0,0,189,0,0,23.2,19.7,18.3
2026-04-18T09:06:07Z,0,0,0,4.5,12.6,0,23.3,850,23.4,23.8,74.9,1099,8993,0,0.2,31,0.9,0.9,23.9,20.4,18.9
2026-04-18T09:21:14Z,0,0,0,1.5,12.6,0,23.7,849.6,23.7,24.2,66.5,538,3173,0,1,78,2.4,2.4,24.4,19.7,19.3
2026-04-18T09:36:20Z,0,0,0,1.4,12.6,0,22.2,849.4,22.7,22.7,74.3,526,3004,0,0.6,172,2.2,2.2,22.8,19.4,18
2026-04-18T09:51:28Z,0,0,0,4.8,12.6,0,22.7,849,23.4,23.2,72.7,1159,9657,0,1.1,201,2.6,2.6,23.4,19.6,18.4
2026-04-18T10:06:35Z,0,0,0,0.3,12.6,0,23.3,848.8,23.9,23.8,68.7,315,827,0,0.1,87,0.7,0.7,24,19.7,18.9
2026-04-18T10:21:41Z,0,0,0,0.4,12.6,0,23.2,848.6,23.3,23.7,71.8,341,1132,0,0.7,51,2.4,2.4,23.8,19.9,18.8
2026-04-18T10:36:48Z,0,0,0,1.7,12.6,0,22,848.5,22,22.7,80.1,579,3599,0,0.7,40,2,2,22.9,20.1,18
2026-04-18T10:53:08Z,0,0,0,1.2,12.6,0,21.3,848.4,21.4,22.3,76.6,484,2611,0,1,85,1.7,1.7,22.4,19.3,17.7
2026-04-18T11:08:32Z,0,0,0.2,1.1,12.6,0,20.3,848.3,20.5,21.2,76.6,459,2361,0,0.1,129,0.8,0.8,21.3,18.2,16.7
2026-04-18T11:23:57Z,0,0,0.6,2.2,12.6,0,20.4,848.1,20.7,21.1,80.7,659,4473,0,0.6,129,1.4,1.4,21.3,18.7,16.7
2026-04-18T11:39:03Z,0,0,0.6,1.5,12.6,0,20.7,848,21.1,21.4,78.8,541,3256,0,0.8,129,1.7,1.7,21.5,18.7,16.9
2026-04-18T11:54:10Z,0,0,0.6,0.9,12.6,0,20.4,847.9,20.7,21.1,80.6,427,2042,0,0.4,100,1.4,1.4,21.3,18.7,16.7
2026-04-18T12:09:35Z,0,0,0.6,1.2,12.6,0,20.6,847.4,20.9,21.2,79.4,480,2572,0,0,114,0.2,0.2,21.3,18.6,16.7
2026-04-18T12:24:42Z,0,0,0.6,1.6,12.6,0,21.6,847.1,21.9,22.3,73.1,558,3362,0,0.3,116,1.3,1.3,22.4,18.8,17.6
2026-04-18T12:39:48Z,0,0,0.6,1.7,12.6,0,23.1,847,23.6,24.1,65.2,572,3378,0,0.6,129,1.3,1.3,24.2,19.4,19.1
2026-04-18T12:54:55Z,0,0,0.6,2.2,12.6,0,24.2,846.8,24.4,25.7,61.2,676,4584,0,0.3,60,1.1,1.1,25.9,20.3,20.4
2026-04-18T13:10:02Z,0,0,0.6,2.1,12.6,0,24.8,846.6,25.2,26.2,59.5,649,4324,0,0.6,81,1.3,1.3,26.3,20.5,20.8
2026-04-18T13:25:08Z,0,0,0.6,1.8,12.6,0,25,846.7,25.4,26.6,57.5,593,3804,0,0.3,98,1.5,1.5,27.4,20.5,21.6
2026-04-18T13:40:15Z,0,0,0.6,1.4,12.6,0,26.6,846.6,27.2,28.2,54.4,515,2948,0,0,103,0.2,0.2,29.1,21.5,22.8
2026-04-18T13:55:40Z,0,0,0.6,1.2,12.6,0,25.9,846.3,26.4,27.7,55,476,2528,0,0,94,0.4,0.4,28.5,21.1,22.4
2026-04-18T14:10:46Z,0,0,0.6,0.5,12.6,0,24,846.4,24.3,25.7,57.5,354,1164,0,0.7,103,1.5,1.5,25.7,19.7,20.3
2026-04-18T14:25:53Z,0,0,0.6,0.3,12.6,0,23.3,846.6,23.6,24.3,61.5,316,741,0,0.2,136,0.4,0.4,24.3,19.1,19.2
2026-04-18T14:41:00Z,0,0,0.6,0.2,12.6,0,22.4,846.6,22.6,22.9,67.2,296,532,0,0.1,123,0.4,0.4,23,18.6,18.1
2026-04-18T14:56:06Z,0,0,0.6,0.2,12.6,0,22.1,846.9,22.2,22.5,67.4,290,482,0,0.5,61,1.3,1.3,22.5,18.3,17.8
2026-04-18T15:11:12Z,0,0,0.6,0.1,12.6,0,21.7,847,21.8,22.1,71.6,274,353,0,0,117,0,0,22.1,18.4,17.4
2026-04-18T15:26:19Z,0,0,0.6,0.1,12.6,0,21.2,847.2,21.2,21.4,74.7,267,292,0,0,117,0,0,21.5,18.2,16.9
2026-04-18T15:41:45Z,0,0,0.6,0,12.6,0,20.5,847.1,20.6,20.7,78.8,262,258,0,0,117,0,0,20.8,18,16.3
2026-04-18T15:56:51Z,0,0,0.6,0,12.6,0,20,847.4,20.1,20.2,80.7,261,254,0,0,117,0,0,20.3,17.9,15.9
2026-04-18T16:11:58Z,0,0,0.6,0,12.6,0,19.7,847.4,19.9,20,81.2,261,253,0,0,117,0,0,20.1,17.7,15.7
2026-04-18T16:27:05Z,0,0,0.6,0,12.6,0,19.5,847.6,19.6,19.8,82.9,259,253,0,0,117,0,0,19.9,17.7,15.5
2026-04-18T16:42:11Z,0,0,0.6,0,12.6,0,19.3,847.7,19.4,19.7,83.9,261,254,0,0.1,117,0.4,0.4,19.8,17.7,15.4
2026-04-18T16:57:18Z,0,0,0.6,0,12.6,0,19.4,847.9,19.5,19.7,86.5,260,253,0,0,117,0,0,19.9,18.1,15.5
2026-04-18T17:12:25Z,0,0,0.6,0,12.6,0,19.4,848.2,19.6,19.7,87,259,253,0,0,117,0,0,19.9,18.1,15.4
2026-04-18T17:27:50Z,0,0,0.6,0,12.6,0,19.3,848.1,19.4,19.6,87.3,261,254,0,0,117,0,0,19.8,18.1,15.4
2026-04-18T17:42:57Z,0,0,0.6,0,12.6,0,19.2,848.2,19.4,19.6,86.1,260,254,0,0,89,0,0,19.7,17.9,15.3
2026-04-18T17:58:03Z,0,0,0.6,0,12.6,0,19,848.5,19.1,19.3,85.5,259,253,0,0.1,76,0.7,0.7,19.5,17.6,15.1
2026-04-18T18:13:10Z,0,0,0.6,0,12.6,0,18.9,848.5,19,19.2,86.6,259,253,0,0,77,0,0,19.3,17.6,14.9
2026-04-18T18:28:16Z,0,0,0.6,0,12.6,0,18.6,848.8,18.8,19,87.7,260,254,0,0,75,0,0,19.1,17.5,14.8
2026-04-18T18:43:23Z,0,0,0.6,0,12.6,0,18.3,849.1,18.4,18.7,88.5,262,253,0,0,75,0,0,18.8,17.3,14.4
2026-04-18T18:58:29Z,0,0,0.6,0,12.6,0,18.1,849.1,18.2,18.4,90.2,260,253,0,0,75,0,0,18.5,17.2,14.2
2026-04-18T19:13:54Z,0,0,0.6,0,12.6,0,17.8,849.2,17.9,18.1,91.5,261,253,0,0,75,0,0,18.2,17.1,13.9
2026-04-18T19:29:01Z,0,0,0.6,0,12.6,0,17.6,849.2,17.7,17.8,91.8,260,252,0,0,75,0,0,18,16.9,13.7
2026-04-18T19:44:08Z,0,0,0.6,0,12.6,0,17.5,849.4,17.6,17.8,92,259,254,0,0,75,0,0,17.9,16.9,13.7
2026-04-18T19:59:15Z,0,0,0.6,0,12.6,0,17.3,849.4,17.4,17.7,92.4,261,254,0,0,75,0,0,17.8,16.8,13.5
2026-04-18T20:14:22Z,0,0,0.6,0,12.6,0,17.3,849.4,17.4,17.6,93.2,261,253,0,0,75,0,0,17.8,16.8,13.5
2026-04-18T20:29:29Z,0,0,0.6,0,12.6,0,17.4,849.6,17.5,17.7,93.5,260,253,0,0,75,0.2,0.2,17.9,16.9,13.6
2026-04-18T20:44:35Z,0,0,0.6,0,12.6,0,17.6,849.3,17.8,17.9,93.7,259,254,0,0,75,0,0,18.1,17.2,13.8
2026-04-18T20:59:58Z,0,0,0.6,0,12.6,0,17.7,849.3,17.9,18.1,93.8,259,254,0,0,74,0,0,18.2,17.3,13.9
2026-04-18T21:15:05Z,0,0,0.6,0,12.6,0,17.7,849.1,17.8,18,93.9,262,253,0,0.1,309,0.7,0.7,18.2,17.3,13.9
2026-04-18T21:30:21Z,0,0,0.6,0,12.6,0,17.6,849,17.8,18,93.6,260,254,0,0.1,54,0.2,0.2,18.1,17.2,13.8
2026-04-18T21:45:28Z,0,0,0.6,0,12.6,0,17.6,848.7,17.7,18,92.9,261,253,0,0,13,0,0,18.1,17.1,13.8
2026-04-18T22:00:35Z,0,0,0.6,0,12.6,0,17.4,848.4,17.5,17.7,93.1,260,253,0,0,13,0,0,17.8,16.9,13.6
2026-04-18T22:16:01Z,0,0,0.6,0,12.6,0,17.4,848.4,17.5,17.7,93.8,259,253,0,0,13,0,0,17.9,17,13.6
2026-04-18T22:31:07Z,0,0,0.6,0,12.6,0,17.5,848,17.6,17.8,93.5,260,254,0,0.1,217,0.4,0.4,18,17,13.7
2026-04-18T22:46:14Z,0,0,0.6,0,12.6,0,17.4,848,17.4,17.8,89.7,259,254,0,0.2,217,0.9,0.9,17.9,16.5,13.6
2026-04-18T23:01:21Z,0,0,0.6,0,12.6,0,17.3,847.8,17.4,17.6,89.8,259,253,0,0,217,0.2,0.2,17.7,16.4,13.4
2026-04-18T23:16:28Z,0,0,0.6,0,12.6,0,17.1,847.5,17.1,17.4,90.9,259,253,0,0,216,0,0,17.5,16.3,13.2
2026-04-18T23:31:35Z,0,0,0.6,0,12.6,0,16.9,847.3,16.9,17.2,92.1,260,254,0,0,216,0,0,17.3,16.3,13.1
2026-04-18T23:46:42Z,0,0,0.6,0,12.6,0,16.9,847.4,16.9,17.2,92.9,260,253,0,0,216,0,0,17.3,16.4,13.1
2026-04-19T00:00:03Z,0,0,0.6,0,12.6,0,17,847.5,17.1,17.3,93.1,260,254,0,0,216,0,0,17.4,16.4,13.1
2026-04-19T00:15:10Z,0,0,0.6,0,12.6,0,17.2,847.6,17.2,17.5,93.1,259,254,0,0,217,0.2,0.2,17.7,16.7,13.4
2026-04-19T00:30:16Z,0,0,0.6,0,12.6,0,17.2,847.5,17.2,17.5,92.6,259,253,0,0,216,0,0,17.6,16.6,13.4
2026-04-19T00:45:23Z,0,0,0.6,0,12.6,0,17.2,847.5,17.3,17.5,92.9,261,253,0,0,216,0,0,17.6,16.7,13.4
2026-04-19T01:00:30Z,0,0,0.6,0,12.6,0,17.2,847.5,17.3,17.5,92.9,261,254,0,0,216,0,0,17.7,16.7,13.4
2026-04-19T01:15:36Z,0,0,0.6,0,12.6,0,17.2,847.5,17.3,17.5,93.1,261,255,0,0,216,0,0,17.7,16.7,13.4
2026-04-19T01:30:43Z,0.2,0,1.8,0,12.6,0,17.2,847.6,17.2,17.5,93.8,260,254,0,0,216,0,0,17.7,16.8,13.4
2026-04-19T01:46:08Z,0,0,3,0,12.6,0,17.1,847.6,17.1,17.4,94.6,260,254,0,0,216,0,0,17.5,16.7,13.3
2026-04-19T02:01:14Z,0,0,3.2,0,12.6,0,17.1,847.7,17.1,17.4,95.1,262,253,0,0,216,0,0,17.5,16.8,13.3
2026-04-19T02:16:20Z,0,0,3.2,0,12.6,0,17.2,847.7,17.2,17.5,95.4,260,254,0,0,216,0,0,17.6,16.9,13.3
2026-04-19T02:31:27Z,0,0,3.2,0,12.6,0,17.1,847.6,17.2,17.4,95.5,262,253,0,0,216,0,0,17.6,16.9,13.3
2026-04-19T02:46:33Z,0,0,3.4,0,12.6,0,17.1,847.7,17.2,17.5,95.8,261,253,0,0,216,0,0,17.6,17,13.4
2026-04-19T03:01:39Z,0,0,3.4,0,12.6,0,17.1,847.9,17.2,17.5,95.9,261,253,0,0,216,0,0,17.6,17,13.4
2026-04-19T03:16:46Z,0,0,3.4,0,12.6,0,17,848,17.1,17.4,95.9,261,256,0,0,217,0.2,0.2,17.6,16.9,13.3
2026-04-19T03:32:12Z,0,0,3.4,0,12.6,0,17,848.1,17.1,17.4,96,261,282,0,0,216,0,0,17.5,16.9,13.3
2026-04-19T03:47:19Z,0,0,3.4,0,12.6,0,16.9,848.2,17.1,17.3,96,263,290,0,0.1,217,0.4,0.4,17.4,16.8,13.2
2026-04-19T04:02:26Z,0,0,3.4,0.1,12.6,0,16.9,848.4,17,17.3,95.9,272,376,0,0.1,217,0.7,0.7,17.4,16.8,13.2
2026-04-19T04:17:33Z,0,0,3.4,0.1,12.6,0,17.1,848.6,17.2,17.4,95.9,280,465,0,0,216,0,0,17.5,16.9,13.3
2026-04-19T04:32:40Z,0,0,3.4,0.2,12.6,0,17.2,848.8,17.2,17.5,95.8,293,609,0,0.2,217,0.7,0.7,17.7,17,13.4
2026-04-19T04:47:47Z,0,0,3.4,0.2,12.6,0,17.3,849,17.4,17.6,95.9,304,698,0,0.1,217,0.4,0.4,17.8,17.1,13.5
2026-04-19T05:02:53Z,0,0,4,0.4,12.6,0,17.2,849.3,17.3,17.6,95.9,325,938,0,0.2,192,1.1,1.1,17.7,17.1,13.5
2026-04-19T05:18:18Z,0,0,4.6,0.6,12.6,0,17.5,849.2,17.7,17.9,96.1,375,1452,0,0.4,192,1.3,1.3,18.1,17.4,13.8
2026-04-19T05:33:25Z,0.2,0,4.8,0.4,12.6,0,17.5,849.4,17.7,17.9,95.9,339,1056,0,0.2,192,1.1,1.1,18.1,17.4,13.8
2026-04-19T05:48:32Z,0.2,0,6,0.6,12.6,0,17.4,849.7,17.5,17.8,95.9,368,1384,0,0.7,192,1.3,1.3,17.9,17.3,13.6
2026-04-19T06:03:39Z,0,0,0,0.7,6.2,0,17.4,849.8,17.5,17.7,95.8,380,1507,0,0.5,192,2.2,2.2,17.9,17.2,13.6
2026-04-19T06:18:46Z,0,0,0.2,1.2,6.2,0,17.5,850,17.8,17.9,95.3,474,2512,0,0.5,177,1.5,1.5,18.1,17.4,13.8
2026-04-19T06:33:53Z,0,0,0.2,1.1,6.2,0,17.8,850.2,18,18.2,94.6,464,2373,0,0.2,134,1.3,1.3,18.4,17.6,14.1
2026-04-19T06:49:00Z,0,0,0.2,1.5,6.2,0,18,850.2,18.2,18.4,94.1,531,3091,0,0.1,189,0.5,0.5,18.6,17.7,14.3
2026-04-19T07:04:22Z,0.2,0,0.4,0.7,6.2,0,18.5,850.3,18.8,19,92.8,383,1531,0,0.1,189,0.4,0.4,19.2,18.1,14.8
2026-04-19T07:19:29Z,0,0,0.4,0.3,6.2,0,18.1,850.3,18.2,18.6,92.5,319,853,0,0.2,170,1.1,1.1,18.8,17.7,14.4
2026-04-19T07:34:35Z,0,0,0.4,1.5,6.2,0,18.7,850.3,18.9,19.2,93.8,533,3172,0,0.3,135,0.9,0.9,19.4,18.4,15
2026-04-19T07:49:41Z,0,0,0.4,1,6.2,0,19.9,850.1,20.1,20.3,87.9,448,2278,0,0.7,157,2.2,2.2,20.5,18.8,16
2026-04-19T08:04:47Z,0,0,0.4,1.5,6.2,0,19.7,850.2,20,20.2,85.5,547,3200,0,0.4,135,1.3,1.3,20.4,18.4,15.9
2026-04-19T08:19:54Z,0,0,0.4,1.2,6.2,0,20.1,850.2,20.4,20.7,82.2,478,2591,0,0.8,193,2.4,2.4,20.8,18.5,16.3
2026-04-19T08:35:45Z,0,0,0.4,2.1,6.2,0,21.6,849.9,22.1,22,79.2,655,4340,0,0.5,166,2,2,22.2,19.4,17.5
2026-04-19T08:50:51Z,0,0,0.4,4.1,6.2,0,21.7,849.8,22.1,22.4,74.8,1013,8149,0,0.3,147,0.9,0.9,22.5,19.2,17.8
2026-04-19T09:05:58Z,0,0,0.4,2.9,6.2,0,22.2,849.5,22.8,22.8,73.6,797,5814,0,0.6,249,1.3,1.3,22.9,19.4,18.1
2026-04-19T09:21:05Z,0,0,0.4,1.6,6.2,0,23.1,849.3,23.6,23.7,72.7,562,3476,0,0.3,136,1,1,23.9,20.1,18.9
2026-04-19T09:36:36Z,0,0,0.4,1.2,6.2,0,23.7,849.1,24.2,24.2,70.9,475,2478,0,0.2,128,0.9,0.9,24.4,20.3,19.3
2026-04-19T09:51:50Z,0,0,0.4,5.1,6.2,0,23.6,848.9,24,24.2,66.8,1209,10456,0,0.3,154,1.1,1.1,24.4,19.8,19.2
2026-04-19T10:07:12Z,0,0,0.4,1.8,6.2,0,22.7,848.7,23.4,23.3,71.1,586,3650,0,1.5,175,3.3,3.3,23.5,19.5,18.5
2026-04-19T10:22:19Z,0,0,0.4,3.2,6.2,0,21.9,848.5,22.2,22.5,75.6,856,6515,0,0,126,0,0,22.6,19.3,17.8
2026-04-19T10:37:26Z,0,0,0.4,4.2,6.2,0,23.5,848.3,24,24.1,65.9,1031,8318,0,1.3,145,3.3,3.3,24.2,19.5,19.1
2026-04-19T10:52:32Z,0,0,0.4,1.2,6.2,0,24.4,847.9,25.1,25.2,65.3,475,2472,0,0.6,169,1.7,1.7,25.3,20.5,20
2026-04-19T11:07:38Z,0,0,0.4,1.3,6.2,0,24,847.7,24.5,24.7,66.2,497,2738,0,0.6,111,2,2,24.8,20.1,19.6
2026-04-19T11:22:44Z,0,0,0.4,1.2,6.2,0,23.2,847.5,23.7,23.8,69.4,483,2572,0,0.8,185,1.5,1.5,23.9,19.8,18.9
2026-04-19T11:37:51Z,0,0,0.4,0.6,6.2,0,23.2,847.3,23.7,23.8,66.1,363,1297,0,1.6,177,2.8,2.8,23.9,19.3,18.9
2026-04-19T11:53:16Z,0,0,0.4,1.2,6.2,0,23.4,847.1,23.8,23.9,70.5,490,2635,0,0.4,177,1.5,1.5,24,20,19
2026-04-19T12:08:22Z,0,0,0.4,3,6.2,0,24.6,847,24.9,25.5,59.2,821,6092,0,1.1,94,2.4,2.4,25.6,19.9,20.2
2026-04-19T12:23:29Z,0,0,0.4,2.8,6.2,0,25.4,846.5,25.6,26.7,56.4,775,5664,0,0.4,94,1.5,1.5,27.5,20.5,21.6
2026-04-19T12:38:35Z,0,0,0.4,3,6.2,0,25.6,846.5,25.9,26.6,54.6,809,6170,0,1.4,50,2.6,2.6,27.3,20.1,21.5
2026-04-19T12:53:41Z,0,0,0.4,1.1,6.2,0,24,846.5,24.3,24.9,64.7,459,2342,0,0.4,87,2.2,2.2,25,20.1,19.8
2026-04-19T13:08:47Z,0,0,0.4,1.9,6.2,0,23.1,846.3,23.1,23.7,68.8,618,4015,0,0.4,60,1.3,1.3,23.8,19.6,18.8
2026-04-19T13:23:54Z,0,0,0.4,1.6,6.2,0,24.5,846.4,24.9,25.8,57.8,554,3309,0,0,91,0.4,0.4,25.9,19.9,20.4
2026-04-19T13:39:20Z,0,0,0.4,1.3,6.2,0,24.1,846.6,24.6,25.6,57.3,507,2839,0,1.1,70,2.8,2.8,25.6,19.6,20.2
2026-04-19T13:54:26Z,0,0,0.4,1.1,6.2,0,24.7,846.7,25.5,26.3,56.4,469,2469,0,0.2,132,0.7,0.7,26.4,20.2,20.9
2026-04-19T14:09:32Z,0,0,0.4,0.5,6.2,0,24.3,846.7,24.6,25.6,58.2,352,1284,0,0.8,64,1.3,1.3,25.7,19.8,20.3
2026-04-19T14:24:38Z,0,0,0.4,0.3,6.2,0,23,846.9,23.1,23.6,64.3,307,701,0,0.7,80,1.3,1.3,23.7,18.9,18.7
2026-04-19T14:39:45Z,0,0,0.4,0.2,6.2,0,22.2,846.9,22.4,22.8,68.3,299,579,0,0,115,0.2,0.2,22.8,18.6,18
2026-04-19T14:54:51Z,0,0,0.4,0.2,6.2,0,22.1,846.9,22.2,22.5,68.8,302,665,0,0,97,0,0,22.5,18.4,17.7
2026-04-19T15:09:57Z,0,0,0.4,0.2,6.2,0,22,847.2,22.2,22.4,71.7,287,542,0,0.2,120,0.7,0.7,22.5,18.7,17.7
2026-04-19T15:25:23Z,0,0,0.4,0.1,6.2,0,21.7,847.2,21.8,22,74.5,268,323,0,0,125,0,0,22.1,18.8,17.4
2026-04-19T15:40:30Z,0,0,0.4,0,6.2,0,21.2,847.3,21.3,21.6,75.6,260,259,0,0,125,0,0,21.7,18.5,17
2026-04-19T15:55:36Z,0,0,0.4,0,6.2,0,20.9,847.4,21,21.2,77.2,261,253,0,0,125,0,0,21.3,18.4,16.7
2026-04-19T16:10:43Z,0,0,0.4,0,6.2,0,20.5,847.4,20.7,20.9,78.5,261,254,0,0.1,52,0.4,0.4,21,18.2,16.4
2026-04-19T16:25:50Z,0,0,0.4,0,6.2,0,20.1,847.5,20.3,20.5,79.4,260,254,0,0,73,0,0,20.5,17.9,16
2026-04-19T16:40:57Z,0,0,0.4,0,6.2,0,19.7,847.7,19.9,20.1,81.5,261,253,0,0,48,0,0,20.2,17.8,15.7
2026-04-19T16:56:35Z,0,0,0.4,0,6.2,0,19.4,847.8,19.4,19.6,83.8,259,252,0,0,95,0,0,19.8,17.7,15.3
2026-04-19T17:11:42Z,0,0,0.4,0,6.2,0,19.1,848,19.2,19.4,86.3,260,253,0,0,95,0,0,19.5,17.7,15.1
2026-04-19T17:26:48Z,0,0,0.4,0,6.2,0,18.7,848.4,18.8,19,87.8,261,253,0,0,95,0,0,19.1,17.5,14.7
2026-04-19T17:41:55Z,0,0,0.4,0,6.2,0,18.3,848.5,18.4,18.7,89,260,255,0,0,95,0,0,18.8,17.4,14.5
2026-04-19T17:57:01Z,0,0,0.4,0,6.2,0,18.3,848.6,18.4,18.6,90.5,260,253,0,0,95,0,0,18.8,17.5,14.4
2026-04-19T18:12:28Z,0,0,0.4,0,6.2,0,18.2,848.7,18.4,18.6,90.9,260,254,0,0,96,0,0,18.7,17.5,14.4
2026-04-19T18:27:34Z,0,0,0.4,0,6.2,0,18.2,849,18.4,18.6,91.1,260,253,0,0,95,0,0,18.7,17.5,14.4
2026-04-19T18:42:41Z,0,0,0.4,0,6.2,0,18.5,849.2,18.6,18.7,89.9,261,253,0,0.1,98,0.4,0.4,18.9,17.5,14.5
2026-04-19T18:57:47Z,0,0,0.4,0,6.2,0,18.7,849.4,18.9,19,89.1,261,254,0,0.1,96,0.2,0.2,19.1,17.7,14.8
2026-04-19T19:12:54Z,0,0,0.4,0,6.2,0,19.1,849.3,19.2,19.3,87.8,260,253,0,0.2,70,0.7,0.7,19.4,17.8,15.1
2026-04-19T19:28:01Z,0,0,0.4,0,6.2,0,19.2,849.3,19.4,19.5,87.2,262,252,0,0.6,100,1.3,1.3,19.7,17.9,15.2
2026-04-19T19:43:07Z,0,0,0.4,0,6.2,0,19.2,849.3,19.3,19.5,87.3,260,254,0,0.7,65,1.5,1.5,19.7,18,15.3
2026-04-19T19:58:30Z,0,0,0.4,0,6.2,0,19.1,849.2,19.2,19.5,87.9,261,254,0,0.1,72,0.7,0.7,19.6,18,15.2
2026-04-19T20:13:37Z,0,0,0.4,0,6.2,0,19.1,849.2,19.2,19.4,88.5,261,252,0,0.2,116,1.1,1.1,19.6,18,15.2
2026-04-19T20:28:43Z,0,0,0.4,0,6.2,0,19,849.2,19.1,19.4,89.6,261,254,0,0.1,120,0.7,0.7,19.5,18.1,15.2
2026-04-19T20:43:50Z,0,0,0.4,0,6.2,0,18.6,849.3,18.7,19,90,262,253,0,0.1,122,0.7,0.7,19.2,17.8,14.8
2026-04-19T20:58:57Z,0,0,0.4,0,6.2,0,18.4,849,18.5,18.8,91,260,252,0,0,122,0.4,0.4,18.9,17.7,14.6
2026-04-19T21:14:03Z,0,0,0.4,0,6.2,0,17.8,848.8,17.9,18.2,88.3,259,253,0,0,122,0.2,0.2,18.2,16.8,14
2026-04-19T21:29:10Z,0,0,0.4,0,6.2,0,17.6,848.7,17.8,17.9,89.6,260,253,0,0,122,0,0,18,16.7,13.8
2026-04-19T21:44:34Z,0,0,0.4,0,6.2,0,17.6,848.8,17.8,17.9,91.8,261,254,0,0.5,122,1.1,1.1,18.1,17,13.8
2026-04-19T21:59:41Z,0,0,0.4,0,6.2,0,17.6,848.5,17.7,17.9,92.6,261,253,0,0,122,0,0,18.1,17,13.8
2026-04-19T22:14:48Z,0,0,0.4,0,6.2,0,17.5,848.4,17.7,17.9,93.5,260,252,0,0.5,122,0.9,0.9,18,17.1,13.8
2026-04-19T22:29:54Z,0,0,0.4,0,6.2,0,17.5,848.2,17.6,17.8,93.6,260,254,0,0.2,122,1.1,1.1,17.9,17,13.7
2026-04-19T22:45:01Z,0,0,0.4,0,6.2,0,17.4,848.2,17.6,17.8,93.8,261,253,0,0,122,0,0,18,17.1,13.7
2026-04-19T23:00:08Z,0,0,0.4,0,6.2,0,17.3,847.9,17.4,17.6,93.6,260,254,0,0,119,0.2,0.2,17.8,16.9,13.5
2026-04-19T23:15:15Z,0,0,0.4,0,6.2,0,17.1,847.6,17.2,17.5,93.8,259,252,0,0.2,119,0.7,0.7,17.6,16.8,13.4
2026-04-19T23:30:39Z,0,0,0.4,0,6.2,0,17.2,847.5,17.3,17.5,93.9,260,253,0,0,119,0.2,0.2,17.6,16.8,13.4
2026-04-19T23:45:46Z,0,0,0.4,0,6.2,0,17.2,847.4,17.3,17.6,93.9,261,253,0,0,119,0.2,0.2,17.7,16.8,13.4
2026-04-20T00:00:53Z,0,0,0.4,0,6.2,0,17.3,847.2,17.4,17.6,93.9,259,255,0,0,119,0.2,0.2,17.7,16.9,13.5
2026-04-20T00:15:59Z,0,0,0.4,0,6.2,0,17.2,847,17.3,17.6,93.9,260,254,0,0,119,0.2,0.2,17.7,16.8,13.4
2026-04-20T00:31:06Z,0,0,0.4,0,6.2,0,17.1,847.1,17.2,17.5,94.2,260,254,0,0.3,83,1.1,1.1,17.6,16.8,13.3
2026-04-20T00:46:13Z,0,0,0.4,0,6.2,0,17.2,847.3,17.2,17.5,94.4,262,253,0,0.3,92,0.9,0.9,17.6,16.8,13.4
2026-04-20T01:01:20Z,0,0,0.4,0,6.2,0,17.2,847.4,17.3,17.5,94.5,259,254,0,0,88,0,0,17.7,16.9,13.4
2026-04-20T01:16:44Z,0,0,0.4,0,6.2,0,17.2,847.4,17.2,17.5,94.3,260,253,0,0.1,95,0.4,0.4,17.6,16.8,13.4
2026-04-20T01:31:51Z,0,0,0.4,0,6.2,0,17.2,847.3,17.3,17.5,94.1,261,253,0,0,90,0.4,0.4,17.7,16.8,13.4
2026-04-20T01:46:57Z,0,0,0.4,0,6.2,0,17.1,847.3,17.2,17.5,94,260,253,0,0,82,0.2,0.2,17.6,16.8,13.4
2026-04-20T02:02:04Z,0,0,0.4,0,6.2,0,17.1,847.4,17.2,17.4,94.2,260,254,0,0.1,82,0.4,0.4,17.5,16.7,13.3
2026-04-20T02:17:11Z,0,0,0.4,0,6.2,0,17,847.5,17.1,17.3,94.3,260,254,0,0,114,0,0,17.5,16.7,13.2
2026-04-20T02:32:18Z,0,0,0.4,0,6.2,0,17,847.5,17.1,17.3,94.3,261,253,0,0,114,0,0,17.4,16.6,13.2
2026-04-20T02:47:24Z,0,0,0.4,0,6.2,0,17,847.5,17.1,17.3,94.4,259,254,0,0,114,0,0,17.4,16.6,13.2
2026-04-20T03:02:55Z,0,0,0.4,0,6.2,0,17.1,847.7,17.2,17.4,94.7,260,254,0,0,114,0,0,17.5,16.8,13.3
2026-04-20T03:18:01Z,0,0,0.6,0,6.2,0,17.2,847.8,17.3,17.5,94.8,263,267,0,0,114,0,0,17.7,16.9,13.4
2026-04-20T03:33:08Z,0,0,0.8,0,6.2,0,17.1,847.9,17.2,17.5,94.9,265,299,0,0,114,0,0,17.6,16.9,13.4
2026-04-20T03:48:16Z,0,0,0.8,0.1,6.2,0,17.1,848.2,17.2,17.5,95.2,276,402,0,0,114,0,0,17.6,16.9,13.3
2026-04-20T04:03:22Z,0,0,0.8,0.2,6.2,0,17.3,848.4,17.4,17.6,95.5,292,600,0,0,114,0,0,17.8,17.1,13.5
2026-04-20T04:18:29Z,0,0,0.8,0.2,6.2,0,17.3,848.7,17.4,17.7,95.6,298,668,0,0,114,0,0,17.9,17.2,13.6
2026-04-20T04:33:53Z,0,0,0.8,0.4,6.2,0,17.7,848.6,17.8,18,95.5,338,1000,0,0.2,80,0.4,0.4,18.2,17.4,13.9
2026-04-20T04:48:59Z,0,0,0.8,0.5,6.2,0,17.9,849,18,18.2,94.5,347,1153,0,0.4,84,0.9,0.9,18.4,17.5,14.1
2026-04-20T05:04:01Z,0,0,0.8,0.3,6.2,0,18,849.1,18.1,18.4,93.3,319,909,0,0.2,92,0.4,0.4,18.5,17.5,14.2
2026-04-20T05:19:08Z,0,0,0.8,0.8,6.2,0,18.4,849.2,18.5,18.7,91.2,396,1753,0,0,90,0,0,18.9,17.7,14.5
2026-04-20T05:34:13Z,0,0,0.8,0.4,6.2,0,19.5,849.2,19.8,19.9,87.5,340,1093,0,0,115,0,0,20,18.3,15.6
2026-04-20T05:50:04Z,0,0,0.8,1.4,6.2,0,19.7,849.4,20,20.1,84.9,522,2967,0,0.4,143,1.3,1.3,20.2,18.2,15.7
2026-04-20T06:05:10Z,0,0,0,0.9,0.8,0,20.6,849.6,20.8,20.9,80.5,429,2022,0,0.8,127,2,2,21,18.5,16.5
2026-04-20T06:20:17Z,0,0,0,1.2,0.8,0,21.2,849.7,21.5,21.4,79,482,2626,0,1.3,70,2,2,21.6,18.8,16.9
2026-04-20T06:36:03Z,0,0,0,1.3,0.8,0,20.6,849.6,20.8,21.1,80.6,500,2756,0,0.5,87,1.3,1.3,21.2,18.7,16.7
2026-04-20T06:51:09Z,0,0,0,3.1,0.8,0,22.7,849.4,22.8,22.8,73.9,828,6252,0,0.5,76,1.3,1.3,23,19.4,18.1
2026-04-20T07:06:16Z,0,0,0,1.4,0.8,0,22.8,849.4,23.2,23.3,72.6,523,2940,0,0,118,0.2,0.2,23.4,19.7,18.5
2026-04-20T07:21:21Z,0,0,0,1.2,0.8,0,21.8,849.3,22.2,22.4,73.2,485,2573,0,0.4,128,2,2,22.5,19,17.7
2026-04-20T07:36:28Z,0,0,0,4.1,0.8,0,22.6,849.3,22.9,23.2,70,1014,8342,0,0.2,127,1.3,1.3,23.3,19.2,18.4
2026-04-20T07:51:34Z,0,0,0,1.6,0.8,0,23.1,849.3,23.4,23.7,70.3,564,3321,0,0.1,142,0.7,0.7,23.8,19.7,18.8
2026-04-20T08:07:01Z,0,0,0,1.6,0.8,0,23.4,849.3,23.7,24,65.4,558,3262,0,0.4,86,1.3,1.3,24.1,19.4,19.1
2026-04-20T08:22:07Z,0,0,0,4.6,0.8,0,24.2,849.1,24.4,24.8,63,1115,9211,0,0.7,138,1.7,1.7,24.8,19.7,19.6
2026-04-20T08:37:30Z,0,0,0,1.7,0.8,0,23.9,848.9,24.4,24.5,61.3,574,3545,0,1.1,128,3.7,3.7,24.5,19.2,19.4
2026-04-20T08:52:58Z,0,0,0,3.6,0.8,0,24.2,848.6,24.4,24.7,61.7,932,7204,0,1,78,2.9,2.9,24.8,19.5,19.6
2026-04-20T09:08:03Z,0,0,0,4.8,0.8,0,24.2,848.3,24.6,24.9,62.2,1157,9838,0,0.8,131,1.7,1.7,25,19.7,19.7
2026-04-20T09:23:09Z,0,0,0,3.9,0.8,0,24,848.2,24.4,24.6,61.4,980,7751,0,0.7,63,1.5,1.5,24.7,19.4,19.5
2026-04-20T09:38:16Z,0,0,0,4.8,0.8,0,23.8,848,23.9,24.4,60.5,1155,9741,0,1.8,88,3.5,3.5,24.4,19,19.3
2026-04-20T09:53:22Z,0,0,0,1.9,0.8,0,24.1,847.9,24.2,24.8,62,613,3990,0,0.8,81,2.6,2.6,24.9,19.6,19.7
2026-04-20T10:08:28Z,0,0,0,3.6,0.8,0,24.1,847.8,24.5,24.8,63.6,932,7294,0,0,79,0,0,24.8,19.8,19.6
2026-04-20T10:24:07Z,0,0,0,4.4,0.8,0,25.3,847.6,25.7,26,57.8,1088,8948,0,0.8,77,1.5,1.5,26.1,20.1,20.6
2026-04-20T10:39:13Z,0,0,0,4.1,0.8,0,25.6,847.5,25.8,26.6,53.8,1018,8214,0,1.4,80,2.7,2.7,27.3,20,21.5
2026-04-20T10:54:20Z,0,0,0,1.5,0.8,0,25.7,847.2,25.7,26.5,53,532,3094,0,1.3,69,2.4,2.4,26.6,19.8,21
2026-04-20T11:10:06Z,0,0,0,1,0.8,0,24.4,847.2,24.7,25,56.6,448,2234,0,0.5,73,2,2,25,19,19.8
2026-04-20T11:25:12Z,0,0,0,2,0.8,0,24.6,847.1,24.8,25.2,59.5,628,4024,0,0.4,71,1.1,1.1,25.3,19.6,20
2026-04-20T11:40:19Z,0,0,0,1,0.8,0,24.8,846.7,25.2,25.5,56.4,437,2117,0,0.7,159,1.7,1.7,25.6,19.4,20.2
2026-04-20T11:55:25Z,0,0,0,0.6,0.8,0,25.4,846.5,25.7,26.1,55.8,375,1537,0,0,141,0.2,0.2,26.1,19.8,20.6
2026-04-20T12:10:32Z,0,0,0,0.3,0.8,0,23.5,846.6,23.8,24.2,61,316,864,0,0.7,149,2.4,2.4,24.2,18.9,19.2
2026-04-20T12:25:39Z,0,0,0.4,0.9,0.8,0,21.2,846.4,21.4,21.8,76,421,1961,0,0,191,0.4,0.4,21.9,18.8,17.2
2026-04-20T12:41:02Z,0,0,0.4,1.1,0.8,0,21.6,846.4,21.8,22,75.2,461,2351,0,0,117,0.5,0.5,22.2,18.9,17.4
2026-04-20T12:56:08Z,0,0,0.4,0.5,0.8,0,22.7,846.3,23,23.4,66.9,353,1273,0,0.2,91,0.9,0.9,23.5,19.1,18.6
2026-04-20T13:11:15Z,0,0,0.4,1.6,0.8,0,22.3,846.4,22.5,22.8,69.4,552,3368,0,0,115,0,0,22.9,18.8,18.1
2026-04-20T13:26:21Z,0,0,0.4,0.7,0.8,0,22.7,846.5,23,23.2,69.6,392,1576,0,0.5,126,1.7,1.7,23.3,19.2,18.4
2026-04-20T13:41:28Z,0,0,0.4,1.2,0.8,0,21.9,846.6,22.2,22.5,69.4,484,2610,0,0.6,128,1.5,1.5,22.6,18.6,17.8
2026-04-20T13:56:34Z,0,0,0.4,0.5,0.8,0,22.9,846.6,23.3,23.9,62.5,355,1205,0,0.5,72,1.5,1.5,24,18.9,18.9
2026-04-20T14:11:41Z,0,0,0.4,0.4,0.8,0,23.1,846.5,23.4,24,60.4,332,907,0,0.6,157,1.3,1.3,24,18.7,19
2026-04-20T14:27:04Z,0,0,0.4,0.4,0.8,0,22.6,846.7,22.8,23.3,63.3,325,850,0,0.3,82,0.9,0.9,23.3,18.5,18.4
2026-04-20T14:42:10Z,0,0,0.4,0.2,0.8,0,22.2,846.6,22.4,22.7,66,300,572,0,0.1,87,0.9,0.9,22.8,18.3,17.9
2026-04-20T14:57:16Z,0,0,0.4,0.2,0.8,0,21.8,846.6,22,22.2,69.3,286,470,0,0,137,0,0,22.3,18.3,17.5
2026-04-20T15:12:23Z,0,0,0.4,0.1,0.8,0,21.4,846.7,21.6,21.8,71.9,275,379,0,0.2,126,0.9,0.9,21.9,18.2,17.2
2026-04-20T15:27:28Z,0,0,0.4,0,0.8,0,21.1,846.9,21.2,21.5,73.3,265,295,0,0,130,0,0,21.5,18.1,16.9
2026-04-20T15:42:35Z,0,0,0.4,0,0.8,0,20.6,847.1,20.8,21,76,261,256,0,0,130,0,0,21.1,18,16.5
2026-04-20T15:57:42Z,0,0,0.4,0,0.8,0,20.2,847.3,20.3,20.6,78.1,260,254,0,0,130,0.2,0.2,20.7,17.9,16.2
2026-04-20T16:13:07Z,0,0,0.4,0,0.8,0,19.9,847.5,20.1,20.3,79.8,261,253,0,0,130,0,0,20.4,17.8,15.9
2026-04-20T16:28:13Z,0,0,0.4,0,0.8,0,19.7,847.6,19.8,20,80.9,259,254,0,0,130,0.2,0.2,20.1,17.6,15.6
2026-04-20T16:43:20Z,0,0,0.4,0,0.8,0,19.7,847.6,19.8,20,81.3,261,253,0,0,130,0,0,20.1,17.7,15.6
2026-04-20T16:58:27Z,0,0,0.4,0,0.8,0,19.5,847.8,19.6,19.7,82.6,261,254,0,0,130,0,0,19.8,17.6,15.4
2026-04-20T17:13:33Z,0,0,0.4,0,0.8,0,19.1,847.8,19.1,19.4,84.9,260,254,0,0,130,0,0,19.5,17.5,15.1
2026-04-20T17:28:40Z,0,0,0.4,0,0.8,0,18.7,848,18.8,19,87.8,261,253,0,0,130,0,0,19.1,17.5,14.7
2026-04-20T17:43:47Z,0,0,0.4,0,0.8,0,18.3,848.4,18.3,18.5,89,261,253,0,0,130,0,0,18.7,17.2,14.3
2026-04-20T17:59:11Z,0,0,0.4,0,0.8,0,18,848.7,18.1,18.3,90.2,260,254,0,0,130,0,0,18.4,17.1,14.1
2026-04-20T18:14:18Z,0,0,0.4,0,0.8,0,18,848.8,18.2,18.4,90.6,259,253,0,0,130,0,0,18.5,17.3,14.2
2026-04-20T18:29:25Z,0,0,0.4,0,0.8,0,18,849,18.1,18.3,90.9,259,254,0,0,130,0,0,18.5,17.2,14.1
2026-04-20T18:44:32Z,0,0,0.4,0,0.8,0,17.9,849,17.9,18.2,91.1,261,254,0,0,130,0,0,18.3,17.1,14
2026-04-20T18:59:39Z,0,0,0.4,0,0.8,0,17.7,849,17.8,18,91.8,260,253,0,0,130,0,0,18.1,17,13.9
2026-04-20T19:14:46Z,0,0,0.4,0,0.8,0,17.6,848.9,17.6,17.9,92.3,259,253,0,0,130,0,0,18,16.9,13.7
2026-04-20T19:29:52Z,0,0,0.4,0,0.8,0,17.5,849,17.6,17.8,93,260,252,0,0,130,0,0,17.9,16.9,13.6
2026-04-20T19:45:17Z,0,0,0.4,0,0.8,0,17.5,849,17.7,17.9,93,260,254,0,0,130,0,0,18,17,13.7
2026-04-20T20:00:24Z,0,0,0.4,0,0.8,0,17.6,849.3,17.8,18,92.8,259,253,0,0,130,0,0,18.2,17.2,13.9
2026-04-20T20:15:30Z,0,0,0.4,0,0.8,0,17.8,849.2,18,18.2,92,261,253,0,0.1,130,0.4,0.4,18.3,17.2,14
2026-04-20T20:30:37Z,0,0,0.4,0,0.8,0,17.9,849.1,18.1,18.3,91.5,259,253,0,0,130,0,0,18.5,17.3,14.2
2026-04-20T20:45:44Z,0,0,0.4,0,0.8,0,17.8,848.9,17.9,18.2,91.4,260,253,0,0,130,0,0,18.3,17.2,14
2026-04-20T21:00:50Z,0,0,0.4,0,0.8,0,17.7,848.9,17.8,18,91.5,262,253,0,0,130,0,0,18.1,17,13.9
2026-04-20T21:15:57Z,0,0,0.4,0,0.8,0,17.5,848.6,17.6,17.8,92,260,254,0,0,130,0,0,17.9,16.9,13.7
2026-04-20T21:31:21Z,0,0,0.4,0,0.8,0,17.4,848.8,17.4,17.7,92.7,261,253,0,0,130,0,0,17.8,16.8,13.5
2026-04-20T21:46:28Z,0,0,0.4,0,0.8,0,17.4,848.6,17.6,17.8,93.3,260,253,0,0,130,0,0,17.9,17,13.7
2026-04-20T22:01:35Z,0,0,0.4,0,0.8,0,17.6,848.5,17.8,17.9,93.3,260,254,0,0,130,0,0,18.1,17.1,13.8
2026-04-20T22:16:42Z,0,0,0.4,0,0.8,0,17.7,848.5,17.8,18,93.1,259,254,0,0.1,130,0.4,0.4,18.1,17.2,13.8
2026-04-20T22:31:48Z,0,0,0.4,0,0.8,0,17.8,848.2,17.9,18.1,92.9,260,253,0,0,130,0,0,18.2,17.2,13.9
2026-04-20T22:46:55Z,0,0,0.4,0,0.8,0,18,848,18.1,18.3,92.7,260,254,0,0.1,130,0.7,0.7,18.4,17.4,14.1
2026-04-20T23:02:20Z,0,0,0.6,0,0.8,0,17.9,848,18.1,18.3,93.3,259,254,0,0,130,0,0,18.5,17.5,14.2
2026-04-20T23:17:27Z,0,0,0.8,0,0.8,0,17.9,847.8,17.9,18.2,94.2,260,255,0,0,129,0,0,18.4,17.5,14.1
2026-04-20T23:32:34Z,0,0,0.8,0,0.8,0,17.8,847.8,17.9,18.1,94.7,259,254,0,0,117,0.2,0.2,18.3,17.5,14
2026-04-20T23:47:40Z,0.2,0,1.2,0,0.8,0,17.6,847.4,17.8,18,94.9,261,254,0,0,127,0.3,0.3,18.2,17.4,13.9
2026-04-21T00:00:46Z,0,0,2,0,0.8,0,17.7,847.4,17.8,18,95.4,259,253,0,0,134,0,0,18.2,17.5,13.9
2026-04-21T00:15:52Z,0,0,2.2,0,0.8,0,17.6,847.2,17.7,18,95.6,261,254,0,0.3,152,1.1,1.1,18.1,17.4,13.8
2026-04-21T00:30:59Z,0,0,2.2,0,0.8,0,17.5,847.3,17.6,17.9,95.8,259,253,0,0,152,0,0,18.1,17.4,13.8
2026-04-21T00:46:06Z,0,0,2.2,0,0.8,0,17.3,847.6,17.4,17.7,95.8,260,254,0,0.7,151,1.3,1.3,17.9,17.2,13.6
2026-04-21T01:01:30Z,0,0,2.2,0,0.8,0,17.1,847.4,17.2,17.5,95.8,259,254,0,0,152,0.2,0.2,17.7,17,13.4
2026-04-21T01:16:37Z,0,0,2.2,0,0.8,0,17.1,847.4,17.2,17.5,95.8,260,254,0,0.1,152,0.4,0.4,17.7,17,13.4
2026-04-21T01:31:44Z,0,0,2.4,0,0.8,0,17.1,847.5,17.2,17.5,95.9,260,253,0,0,152,0,0,17.6,17,13.3
2026-04-21T01:46:50Z,0,0,2.4,0,0.8,0,17.1,847.6,17.2,17.5,96.1,260,253,0,0,152,0,0,17.7,17,13.4
2026-04-21T02:01:57Z,0,0,2.4,0,0.8,0,17.2,847.9,17.3,17.5,96.1,260,254,0,0,152,0,0,17.7,17.1,13.4
2026-04-21T02:17:04Z,0,0,2.6,0,0.8,0,17.2,847.8,17.3,17.6,96.2,259,252,0,0,152,0,0,17.7,17.1,13.5
2026-04-21T02:32:29Z,0,0,2.6,0,0.8,0,17.2,848.1,17.2,17.6,96.3,261,253,0,0,152,0,0,17.7,17.1,13.5
2026-04-21T02:47:36Z,0.2,0,3.2,0,0.8,0,17.2,848.3,17.3,17.5,96.3,260,255,0,0,152,0,0,17.7,17.1,13.4
2026-04-21T03:02:43Z,0,0,3.2,0,0.8,0,17.2,848.4,17.3,17.6,96.4,258,255,0,0.1,152,0.5,0.5,17.7,17.1,13.5
2026-04-21T03:17:49Z,0.2,0,4.2,0,0.8,0,17,848.7,17.1,17.4,96.4,259,255,0,0,151,0,0,17.5,16.9,13.3
2026-04-21T03:32:55Z,0,0,5.2,0,0.8,0,17,848.7,17.1,17.4,96.5,262,266,0,0,151,0,0,17.5,16.9,13.3
2026-04-21T03:48:02Z,0,0,5.8,0.1,0.8,0,17,848.9,17.1,17.4,96.6,272,396,0,0.2,151,1.3,1.3,17.6,17,13.3
2026-04-21T04:03:09Z,0,0,6,0.2,0.8,0,17.1,848.9,17.2,17.5,96.7,285,534,0,0.1,151,0.6,0.6,17.6,17.1,13.4
2026-04-21T04:18:33Z,0,0,6,0.2,0.8,0,16.8,849,16.9,17.2,96.6,298,658,0,0.1,151,0.4,0.4,17.4,16.8,13.1
2026-04-21T04:33:39Z,0,0,6.2,0.2,0.8,0,16.7,849.2,16.9,17.1,96.6,299,646,0,0.6,151,1.1,1.1,17.3,16.7,13
2026-04-21T04:48:46Z,0.2,0,6.6,0.3,0.8,0,16.9,849.4,17.1,17.3,96.7,318,866,0,0.1,151,0.7,0.7,17.5,16.9,13.2
2026-04-21T05:03:52Z,0,0,6.6,0.6,0.8,0,16.9,849.6,17.1,17.3,96.4,361,1287,0,0.2,151,0.7,0.7,17.4,16.8,13.2
2026-04-21T05:18:59Z,0,0,6.6,0.5,0.8,0,17.1,849.7,17.2,17.5,96,354,1244,0,0.4,151,1.3,1.3,17.6,17,13.4
2026-04-21T05:34:06Z,0,0,6.6,0.2,0.8,0,17.4,849.9,17.5,17.8,95.8,304,692,0,0,151,0,0,17.9,17.3,13.7
2026-04-21T05:49:12Z,0,0,7,0.6,0.8,0,17.3,850.2,17.4,17.7,95.3,359,1303,0,0.2,151,0.7,0.7,17.8,17.1,13.6
2026-04-21T06:04:37Z,0,0,0.2,0.7,7.2,0,17.2,850.4,17.4,17.6,94.9,385,1544,0,0.4,162,1.1,1.1,17.8,17,13.5
2026-04-21T06:19:44Z,0,0,0.6,0.8,7.2,0,17.3,850.4,17.5,17.7,95.5,402,1752,0,0.3,162,0.9,0.9,17.9,17.2,13.6
2026-04-21T06:34:46Z,0,0,0.8,0.7,7.2,0,17.2,850.5,17.4,17.5,95,383,1531,0,0.8,161,1.7,1.7,17.7,16.9,13.4
2026-04-21T06:49:53Z,0.2,0,1.2,0.7,7.2,0,17.5,850.5,17.6,17.8,95.7,394,1637,0,0,161,0,0,18,17.3,13.7
2026-04-21T07:05:00Z,0,0,2.8,1.2,7.2,0,17.5,850.6,17.8,18,95.5,486,2620,0,0,161,0,0,18.1,17.4,13.8
2026-04-21T07:20:12Z,0,0,3,0.8,7.2,0,17.7,850.7,18,18.2,94.9,412,1809,0,0.1,161,0.5,0.5,18.4,17.6,14.1
2026-04-21T07:35:37Z,0,0,3.8,1.6,7.2,0,17.8,850.6,18.2,18.2,94.2,560,3408,0,0.9,160,1.5,1.5,18.4,17.5,14.1
2026-04-21T07:50:43Z,0,0,4.2,1.9,7.2,0,18.7,850.5,19.1,19.1,93.8,604,3897,0,0.3,160,1.7,1.7,19.3,18.4,14.9
2026-04-21T08:05:49Z,0,0,4.2,1.2,7.2,0,19.2,850.4,19.5,19.7,91.4,485,2639,0,0,160,0,0,19.9,18.6,15.4
2026-04-21T08:20:55Z,0,0,4.2,1.6,7.2,0,19.1,850.3,19.3,19.6,89.8,548,3300,0,0.3,160,1.3,1.3,19.8,18.4,15.4
2026-04-21T08:36:47Z,0,0,4.2,1.7,7.2,0,19.7,850.2,19.9,20.3,88.7,570,3499,0,0.1,157,0.6,0.6,20.5,18.9,16
2026-04-21T08:51:54Z,0,0,4.2,4.1,7.2,0,20.9,849.9,21.1,21.5,83.7,1015,8234,0,0.8,156,1.5,1.5,21.7,19.4,17
2026-04-21T09:07:00Z,0,0,4.2,1.5,7.2,0,22.1,849.5,22.2,22.8,79.5,543,3208,0,0.5,67,1.3,1.3,23,20.2,18.2
2026-04-21T09:22:06Z,0,0,4.2,3.8,7.2,0,23.1,849.3,23.6,23.6,76.5,964,7505,0,0.2,130,1.3,1.3,23.8,20.5,18.8
2026-04-21T09:37:47Z,0,0,4.2,0.8,7.2,0,23.2,848.9,23.6,23.9,72.7,412,1880,0,0,145,0,0,24.1,20.3,19
2026-04-21T09:52:54Z,0,0,4.2,1.6,7.2,0,22.7,848.7,23.1,23.3,73.9,547,3257,0,0,143,0,0,23.4,19.9,18.5
2026-04-21T10:08:01Z,0,0,4.2,4.2,7.2,0,23.2,848.6,23.8,24,69.7,1051,8677,0,0,110,0.2,0.2,24.1,19.9,19.1
2026-04-21T10:23:07Z,0,0,4.2,4.5,7.2,0,23.7,848.3,24.4,24.5,67.5,1105,9260,0,1.4,178,3.1,3.1,24.6,20.1,19.4
2026-04-21T10:38:14Z,0,0,4.2,4.6,7.2,0,23.7,848,24.4,24.3,70.1,1124,9448,0,0.2,158,0.7,0.7,24.5,20.3,19.3
2026-04-21T10:53:20Z,0,0,4.2,1.2,7.2,0,24,847.9,24.4,24.8,64,478,2418,0,0.6,122,1.5,1.5,24.9,19.9,19.7
2026-04-21T11:08:45Z,0,0,4.2,4.2,7.2,0,25.3,847.7,25.9,26.1,61.9,1040,8423,0,1,179,2.8,2.8,26.2,20.8,20.7
2026-04-21T11:23:51Z,0,0,4.2,3.7,7.2,0,23.7,847.3,24.3,24.2,65.1,954,7547,0,0.8,182,2.4,2.4,24.3,19.5,19.2
2026-04-21T11:38:53Z,0,0,4.2,3.3,7.2,0,24.5,847.2,25.1,25.1,63.5,867,6595,0,0.5,205,2,2,25.2,20.1,19.9
2026-04-21T11:53:59Z,0,0,4.2,3.2,7.2,0,25,846.8,25.4,26,57.8,864,6620,0,0.6,112,2.4,2.4,26.1,20.1,20.6
2026-04-21T12:08:59Z,0,0,4.2,2.9,7.2,0,25.4,846.6,25.9,26.2,54.8,798,5633,0,0.5,45,1.3,1.3,26.3,19.8,20.7
2026-04-21T12:24:05Z,0,0,4.2,3,7.2,0,26.3,846.4,27,27.5,53.6,813,6069,0,0.1,155,0.4,0.4,28.2,20.7,22.1
2026-04-21T12:39:54Z,0,0,4.2,0.9,7.2,0,26.2,846.3,26.8,27.3,54.4,428,1938,0,0.1,50,0.4,0.4,28,20.7,22
2026-04-21T12:55:01Z,0,0,4.2,0.6,7.2,0,24.8,846.2,25.5,25.8,59.3,359,1236,0,0.4,168,1.5,1.5,25.9,20.1,20.5
2026-04-21T13:10:58Z,0,0,4.2,2.1,7.2,0,25,846.2,25.7,25.9,56.1,641,4263,0,0.6,202,1.3,1.3,26,19.8,20.5
2026-04-21T13:26:54Z,0,0,4.2,0.9,7.2,0,25.7,846.4,26.1,26.9,53.7,429,1990,0,0.4,140,2.2,2.2,27.6,20.2,21.7
2026-04-21T13:42:01Z,0,0,4.2,0.5,7.2,0,24.3,846.5,24.7,25,60.4,356,1211,0,0.3,140,1.5,1.5,25.1,19.6,19.8
2026-04-21T13:57:58Z,0,0,4.2,0.6,7.2,0,23.4,846.5,23.7,24,64.3,369,1333,0,0.1,115,0.7,0.7,24.1,19.2,19
2026-04-21T14:13:03Z,0,0,4.2,0.7,7.2,0,24.1,846.5,24.5,25.1,61.9,381,1493,0,0.6,69,2.2,2.2,25.1,19.8,19.9
2026-04-21T14:28:10Z,0,0,4.2,0.3,7.2,0,23.5,846.7,23.9,24.1,66.6,316,779,0,0.1,139,0.5,0.5,24.2,19.7,19.2
2026-04-21T14:44:03Z,0,0,4.2,0.2,7.2,0,22.9,846.6,23.2,23.4,69,290,480,0,0.2,135,0.9,0.9,23.5,19.3,18.5
2026-04-21T15:00:03Z,0,0,4.2,0.1,7.2,0,22.5,846.8,22.6,22.8,70.9,282,421,0,0.2,143,0.9,0.9,22.9,19,18.1
2026-04-21T15:16:02Z,0,0,4.2,0.1,7.2,0,22,846.7,22.1,22.4,70.3,274,354,0,0.3,122,1.5,1.5,22.4,18.5,17.7
2026-04-21T15:31:09Z,0,0,4.2,0,7.2,0,21.5,846.7,21.7,21.9,73.9,263,275,0,0.1,112,1.1,1.1,22,18.5,17.3
2026-04-21T15:46:15Z,0,0,4.2,0,7.2,0,21,846.9,21.1,21.4,76.7,260,254,0,0,127,0,0,21.5,18.4,16.8
2026-04-21T16:02:05Z,0,0,4.2,0,7.2,0,20.5,847.1,20.7,20.8,78.2,261,252,0,0,127,0,0,20.9,18.1,16.4
2026-04-21T16:17:19Z,0,0,4.2,0,7.2,0,20.1,847.2,20.2,20.4,80.2,260,253,0,0,127,0,0,20.5,17.9,16
2026-04-21T16:32:26Z,0,0,4.2,0,7.2,0,19.9,847.4,20.1,20.2,81.6,260,252,0,0,127,0,0,20.3,18,15.9
2026-04-21T16:48:21Z,0,0,4.2,0,7.2,0,19.6,847.5,19.8,19.9,83.2,259,253,0,0,127,0,0,20,17.9,15.6
2026-04-21T17:03:28Z,0,0,4.2,0,7.2,0,19.5,847.5,19.7,19.8,83.8,261,254,0,0,127,0,0,19.9,17.8,15.5
2026-04-21T17:18:34Z,0,0,4.2,0,7.2,0,19.3,847.8,19.4,19.6,84.9,259,254,0,0,127,0,0,19.7,17.7,15.3
2026-04-21T17:34:09Z,0,0,4.2,0,7.2,0,19.1,848.1,19.2,19.4,86.1,260,254,0,0,127,0,0,19.5,17.7,15.1
2026-04-21T17:49:17Z,0,0,4.2,0,7.2,0,18.9,848.4,18.9,19.2,86.5,260,253,0,0,127,0,0,19.3,17.5,14.9
2026-04-21T18:04:24Z,0,0,4.2,0,7.2,0,18.7,848.5,18.7,19,87.9,261,253,0,0,127,0,0,19.1,17.5,14.7
2026-04-21T18:19:30Z,0,0,4.2,0,7.2,0,18.3,848.7,18.4,18.7,89.4,260,253,0,0,127,0,0,18.8,17.4,14.5
2026-04-21T18:34:37Z,0,0,4.2,0,7.2,0,18.1,849,18.2,18.4,90.2,260,253,0,0,127,0,0,18.5,17.2,14.2
2026-04-21T18:50:00Z,0,0,4.2,0,7.2,0,17.8,849.2,17.9,18.1,90.9,262,253,0,0,127,0,0,18.2,17,13.9
2026-04-21T19:05:07Z,0,0,4.2,0,7.2,0,17.7,849.3,17.9,18,91.9,260,254,0,0,127,0,0,18.2,17.1,13.9
2026-04-21T19:20:14Z,0,0,4.2,0,7.2,0,17.7,849.5,17.9,18.1,92.9,260,253,0,0,127,0,0,18.2,17.2,13.9
2026-04-21T19:35:21Z,0,0,4.2,0,7.2,0,17.6,849.6,17.8,18,92.8,261,254,0,0,127,0,0,18.1,17.1,13.8
2026-04-21T19:50:28Z,0,0,4.2,0,7.2,0,17.6,849.6,17.8,18,93.1,259,253,0,0,127,0,0,18.1,17.1,13.8
2026-04-21T20:05:35Z,0,0,4.2,0,7.2,0,17.6,849.4,17.8,18,93.3,262,254,0,0,127,0,0,18.1,17.2,13.8
2026-04-21T20:20:42Z,0,0,4.2,0,7.2,0,17.4,849.4,17.5,17.7,93.3,261,254,0,0,127,0,0,17.8,16.9,13.6
2026-04-21T20:36:05Z,0,0,4.2,0,7.2,0,17.2,849.4,17.3,17.5,94,261,254,0,0,127,0,0,17.7,16.8,13.4
2026-04-21T20:51:13Z,0,0,4.2,0,7.2,0,17,849.4,17,17.3,94.3,262,254,0,0,127,0,0,17.4,16.6,13.2
2026-04-21T21:06:19Z,0,0,4.2,0,7.2,0,16.8,849.3,16.9,17.2,94.7,260,254,0,0,127,0,0,17.3,16.5,13
2026-04-21T21:21:26Z,0,0,4.2,0,7.2,0,16.9,849.2,16.9,17.2,95.2,259,254,0,0,127,0,0,17.4,16.7,13.1
2026-04-21T21:36:32Z,0,0,4.2,0,7.2,0,16.7,849.1,16.7,17,95.2,260,253,0,0,127,0,0,17.1,16.4,12.8
2026-04-21T21:51:39Z,0,0,4.2,0,7.2,0,16.5,849,16.6,16.8,95.4,260,253,0,0,127,0,0,16.9,16.3,12.7
2026-04-21T22:06:46Z,0,0,4.2,0,7.2,0,16.4,848.7,16.5,16.7,95.7,260,254,0,0,127,0,0,16.9,16.2,12.6
2026-04-21T22:22:10Z,0,0,4.2,0,7.2,0,16.4,848.6,16.6,16.8,95.9,260,254,0,0,127,0,0,16.9,16.3,12.7
2026-04-21T22:37:17Z,0,0,4.2,0,7.2,0,16.2,848.2,16.3,16.6,95.8,259,253,0,0,127,0,0,16.7,16.1,12.5
2026-04-21T22:52:24Z,0,0,4.2,0,7.2,0,16,848.2,16.3,16.4,95.9,260,253,0,0,127,0,0,16.5,15.9,12.3
2026-04-21T23:07:30Z,0,0,4.2,0,7.2,0,16,848,16.2,16.4,96.1,261,253,0,0,127,0,0,16.5,15.9,12.2
2026-04-21T23:22:37Z,0,0,4.2,0,7.2,0,15.9,847.9,16.2,16.3,96.2,260,253,0,0,127,0,0,16.4,15.8,12.2
2026-04-21T23:37:45Z,0,0,4.2,0,7.2,0,15.9,847.9,16.2,16.3,96.4,261,254,0,0,127,0,0,16.4,15.8,12.2
2026-04-21T23:52:52Z,0,0,4.2,0,7.2,0,15.9,847.8,16.2,16.3,96.5,260,253,0,0,127,0,0,16.4,15.9,12.2
2026-04-22T00:00:55Z,0,0,4.2,0,7.2,0,16,847.8,16.2,16.4,96.6,260,254,0,0,127,0,0,16.5,16,12.3
2026-04-22T00:16:18Z,0,0,4.2,0,7.2,0,16.3,847.7,16.4,16.6,96.6,262,254,0,0,127,0,0,16.8,16.2,12.5
2026-04-22T00:31:25Z,0,0,4.2,0,7.2,0,16.5,847.7,16.6,16.9,96.7,262,254,0,0,127,0,0,17,16.5,12.8
2026-04-22T00:46:32Z,0,0,4.2,0,7.2,0,16.8,847.4,16.8,17.1,96.8,260,254,0,0.1,127,0.7,0.7,17.3,16.7,13
2026-04-22T01:01:39Z,0,0,4.2,0,7.2,0,17,847.4,17.1,17.3,96.8,260,253,0,0,127,0,0,17.5,17,13.2
2026-04-22T01:16:46Z,0,0,4.2,0,7.2,0,17.1,847.5,17.2,17.5,96.8,261,255,0,0.1,127,0.4,0.4,17.6,17.1,13.4
2026-04-22T01:31:53Z,0,0,4.2,0,7.2,0,17.2,847.5,17.3,17.5,96.7,259,253,0,0,127,0,0,17.6,17.1,13.4
2026-04-22T01:47:00Z,0,0,4.2,0,7.2,0,17.3,847.4,17.4,17.5,96.2,259,253,0,0,142,0.2,0.2,17.7,17.1,13.4
2026-04-22T02:02:21Z,0,0,4.2,0,7.2,0,17.2,847.6,17.2,17.5,95.3,261,253,0,0.2,142,1.1,1.1,17.6,16.9,13.4
2026-04-22T02:17:26Z,0,0,4.2,0,7.2,0,17.3,847.7,17.4,17.5,95,260,254,0,0,142,0,0,17.7,16.9,13.4
2026-04-22T02:32:33Z,0,0,4.2,0,7.2,0,17.2,847.7,17.4,17.6,94.9,261,254,0,0,142,0,0,17.7,17,13.5
2026-04-22T02:47:40Z,0,0,4.2,0,7.2,0,17.2,847.9,17.4,17.6,94.9,258,254,0,0,142,0,0,17.7,17,13.5
2026-04-22T03:02:47Z,0,0,4.2,0,7.2,0,17.3,847.9,17.4,17.6,95,260,255,0,0,142,0,0,17.7,17,13.5
2026-04-22T03:17:54Z,0,0,4.2,0,7.2,0,17.3,847.8,17.5,17.6,95.1,260,258,0,0,142,0,0,17.8,17.1,13.5
2026-04-22T03:33:01Z,0,0,4.2,0,7.2,0,17.3,847.8,17.4,17.7,95.1,263,281,0,0,142,0,0,17.8,17.1,13.6
2026-04-22T03:48:25Z,0,0,4.2,0.1,7.2,0,17.4,847.7,17.6,17.8,95,282,492,0,0.1,142,0.4,0.4,17.9,17.2,13.7
2026-04-22T04:03:32Z,0,0,4.2,0.2,7.2,0,17.7,848,17.9,18.1,94.4,304,736,0,0.2,142,0.4,0.4,18.3,17.4,14
2026-04-22T04:18:39Z,0,0,4.2,0.3,7.2,0,18.1,848.1,18.2,18.3,91.9,314,759,0,0.1,142,0.7,0.7,18.4,17.3,14.1
2026-04-22T04:33:46Z,0,0,4.2,0.5,7.2,0,18.4,848.2,18.6,18.7,91.2,350,1200,0,0,142,0,0,18.8,17.6,14.5
2026-04-22T04:48:53Z,0,0,4.2,0.4,7.2,0,19.6,848.3,19.7,19.4,89.2,340,1097,0,0.1,142,0.4,0.4,19.6,18.1,15.2
2026-04-22T05:04:00Z,0,0,4.2,0.1,7.2,0,19.1,848.5,19.2,19.4,88.4,283,510,0,0,142,0,0,19.6,18,15.2
2026-04-22T05:19:07Z,0,0,4.2,0.3,7.2,0,18.6,848.6,18.8,19,87.4,313,830,0,0,142,0,0,19.2,17.5,14.8
2026-04-22T05:34:33Z,0,0,4.2,0.9,7.2,0,18.9,848.8,19,19.2,87.8,428,2046,0,0.3,139,0.9,0.9,19.3,17.7,14.9
2026-04-22T05:49:40Z,0,0,4.2,0.5,7.2,0,19.9,849,20,20.2,83.8,356,1168,0,0,125,0.4,0.4,20.4,18.2,15.9
2026-04-22T06:04:40Z,0,0,0,1.6,4.2,0,19.6,849.2,19.9,20,83.6,564,3479,0,0.4,162,1.5,1.5,20.1,18,15.7
2026-04-22T06:21:31Z,0,0,0,3.2,4.2,0,20.5,849.3,20.9,20.8,81,855,6848,0,0,200,0,0,20.9,18.4,16.4
2026-04-22T06:36:40Z,0,0,0,1.6,4.2,0,21.1,849.4,21.5,21.5,76.7,557,3311,0,0.4,147,1.5,1.5,21.6,18.6,17
2026-04-22T06:52:09Z,0,0,0,1.2,4.2,0,21.4,849.6,22.3,22,73.8,484,2510,0,0.5,184,2,2,22,18.6,17.3
2026-04-22T07:07:15Z,0,0,0,1.6,4.2,0,22.5,849.6,23.1,23,71.2,549,3100,0,0.1,133,0.4,0.4,23.1,19.2,18.2
2026-04-22T07:22:22Z,0,0,0,3.9,4.2,0,22.8,849.6,23,22.9,69.5,986,7948,0,0.4,48,0.7,0.7,23,18.9,18.1
2026-04-22T07:37:28Z,0,0,0,1.3,4.2,0,22.3,849.5,22.5,22.9,72.2,502,2737,0,0.1,124,0.4,0.4,23,19.3,18.2
2026-04-22T07:53:14Z,0,0,0,1.1,4.2,0,22.4,849.5,22.6,22.9,71.2,469,2472,0,0.3,186,0.9,0.9,23,19.2,18.2
2026-04-22T08:08:21Z,0,0,0,0.9,4.2,0,22,849.4,22.4,22.7,71.7,418,1944,0,0.1,134,0.4,0.4,22.8,19,18
2026-04-22T08:23:27Z,0,0,0,0.6,4.2,0,21.5,849.4,22,22,74.3,361,1343,0,0,153,0.2,0.2,22.1,18.7,17.4
2026-04-22T08:38:34Z,0,0,0,1,4.2,0,21.3,849.2,21.6,21.9,75.4,439,2172,0,0.4,167,1.3,1.3,22,18.7,17.3
2026-04-22T08:54:19Z,0,0,0,3.1,4.2,0,22.8,849,23.4,23.3,70,835,6257,0,0.3,174,0.9,0.9,23.4,19.4,18.5
2026-04-22T09:10:16Z,0,0,0,1.4,4.2,0,22.1,848.9,22.6,22.8,71.7,518,2972,0,0.6,133,1.7,1.7,22.9,19.1,18.1
2026-04-22T09:25:23Z,0,0,0,1.8,4.2,0,22.5,848.7,22.9,23.2,71.4,585,3583,0,0.1,68,0.4,0.4,23.3,19.4,18.4
2026-04-22T09:40:29Z,0,0,0,0.9,4.2,0,23.1,848.3,23.6,23.7,69.7,428,1744,0,0.6,66,1.5,1.5,23.8,19.7,18.8
2026-04-22T09:56:21Z,0,0,0,4.2,4.2,0,23.8,848,24.3,24.4,64.9,1036,8312,0,0.7,127,1.3,1.3,24.5,19.7,19.4
2026-04-22T10:11:27Z,0,0,0,3.7,4.2,0,24.7,847.8,25,25.3,60.1,940,7219,0,0.6,85,1.3,1.3,25.3,19.7,20
2026-04-22T10:27:21Z,0,0,0,1.3,4.2,0,24.1,847.7,24.8,24.6,62.9,503,2695,0,0,168,0.2,0.2,24.7,19.6,19.5
2026-04-22T10:42:28Z,0,0,0,4.6,4.2,0,24.1,847.4,24.8,24.6,63.3,1110,9264,0,0.4,165,1.5,1.5,24.7,19.7,19.6
2026-04-22T10:57:35Z,0,0,0,2.6,4.2,0,25.3,847.2,25.8,26,58.1,734,5055,0,0.7,110,1.3,1.3,26.1,20.1,20.6
2026-04-22T11:12:42Z,0,0,0,1.5,4.2,0,26.4,846.9,26.9,27.2,55.6,536,3084,0,0.3,132,0.7,0.7,28,20.8,22
2026-04-22T11:27:49Z,0,0,0,4.2,4.2,0,26.1,846.7,26.7,27,59.3,1049,8512,0,0.7,127,2.4,2.4,28,21.1,22
2026-04-22T11:43:28Z,0,0,0,1.4,4.2,0,26.2,846.7,26.6,27.2,56.1,508,2699,0,1,176,2.8,2.8,28,20.8,22
2026-04-22T11:58:35Z,0,0,0,3.2,4.2,0,25.3,846.4,25.9,26.1,59.2,859,6586,0,0.6,140,1.5,1.5,26.2,20.4,20.7
2026-04-22T12:14:24Z,0,0,0,0.7,4.2,0,25.5,846.2,26.1,26.4,56.8,392,1506,0,0.7,123,2,2,26.5,20.2,20.9
2026-04-22T12:30:24Z,0,0,0,0.7,4.2,0,24.7,846.1,25.1,25.5,59.3,393,1500,0,0.2,142,0.7,0.7,25.5,19.8,20.2
2026-04-22T12:45:30Z,0,0,0,0.8,4.2,0,25.3,846,25.9,26,58.1,410,1763,0,0.1,165,0.6,0.6,26.1,20.1,20.6
2026-04-22T13:01:28Z,0,0,0,2,4.2,0,25.2,845.9,25.7,25.9,59.8,639,4231,0,0.4,165,2,2,26,20.3,20.6
2026-04-22T13:17:26Z,0,0,0,0.5,4.2,0,24.4,845.9,24.9,25.2,60.4,345,1064,0,0.7,188,2.2,2.2,25.3,19.7,20
2026-04-22T13:32:33Z,0,0,0,0.4,4.2,0,23.7,846,24,24.3,63,328,846,0,0.5,117,2.2,2.2,24.3,19.3,19.2
2026-04-22T13:48:30Z,0,0,0,1,4.2,0,24.3,845.9,24.7,25.1,58.5,454,2249,0,1.2,123,3.1,3.1,25.1,19.4,19.9
2026-04-22T14:03:36Z,0,0,0,0.9,4.2,0,24.5,845.8,25,25.5,57.2,415,1877,0,0.7,121,2.8,2.8,25.6,19.6,20.2
2026-04-22T14:19:25Z,0,0,0,0.6,4.2,0,24.2,845.8,24.6,24.9,59.5,375,1441,0,0.7,151,2.4,2.4,24.9,19.3,19.7
2026-04-22T14:34:30Z,0,0,0,0.3,4.2,0,23.8,846,24.1,24.3,63,322,839,0,0.1,123,0.9,0.9,24.4,19.3,19.3
2026-04-22T14:49:37Z,0,0,0,0.2,4.2,0,23.2,846.2,23.4,23.5,64.7,294,519,0,0.6,160,2,2,23.6,18.9,18.6
2026-04-22T15:05:28Z,0,0,0,0.1,4.2,0,22.6,846.3,22.9,23,68,283,459,0,0.1,160,0.9,0.9,23.1,18.8,18.2
2026-04-22T15:21:28Z,0,0,0,0.1,4.2,0,22.1,846.4,22.3,22.5,70.2,269,346,0,0.7,160,2,2,22.5,18.6,17.8
2026-04-22T15:36:35Z,0,0,0,0,4.2,0,21.6,846.6,21.8,22,73.8,261,260,0,0.2,160,1.1,1.1,22.1,18.6,17.4
2026-04-22T15:52:32Z,0,0,0,0,4.2,0,21.2,846.7,21.2,21.5,76.3,261,254,0,0,160,0,0,21.6,18.5,17
2026-04-22T16:07:39Z,0,0,0,0,4.2,0,20.7,846.8,20.9,21.1,78.7,259,253,0,0,160,0,0,21.2,18.4,16.6
2026-04-22T16:23:38Z,0,0,0,0,4.2,0,20.4,846.8,20.5,20.8,79.5,262,253,0,0,160,0,0,20.9,18.2,16.3
2026-04-22T16:38:45Z,0,0,0,0,4.2,0,20.1,846.9,20.2,20.4,80.9,262,252,0,0,160,0,0,20.5,18,16
2026-04-22T16:53:52Z,0,0,0,0,4.2,0,19.9,847.2,20,20.1,83.6,261,254,0,0,160,0,0,20.2,18.1,15.7
2026-04-22T17:09:44Z,0,0,0,0,4.2,0,19.4,847.3,19.5,19.7,84.1,260,253,0,0,160,0,0,19.8,17.8,15.4
2026-04-22T17:24:51Z,0,0,0,0,4.2,0,19.3,847.5,19.4,19.6,84.6,260,252,0,0,160,0,0,19.7,17.7,15.3
2026-04-22T17:40:34Z,0,0,0,0,4.2,0,19.3,847.8,19.5,19.6,84.4,260,253,0,0,160,0,0,19.7,17.7,15.3
2026-04-22T17:55:40Z,0,0,0,0,4.2,0,19.5,848,19.7,19.8,84.3,261,254,0,0,160,0,0,19.9,17.8,15.4
2026-04-22T18:10:47Z,0,0,0,0,4.2,0,19.3,848.1,19.4,19.6,85.4,261,253,0,0,160,0,0,19.7,17.8,15.3
2026-04-22T18:25:55Z,0,0,0,0,4.2,0,18.9,848.2,19,19.2,86.9,261,254,0,0,160,0,0,19.3,17.6,14.9
2026-04-22T18:41:02Z,0,0,0,0,4.2,0,18.4,848.2,18.4,18.7,89,260,254,0,0,160,0,0,18.8,17.4,14.5
2026-04-22T18:56:38Z,0,0,0,0,4.2,0,18.1,848.6,18.1,18.4,90.4,260,252,0,0,160,0,0,18.5,17.2,14.2
2026-04-22T19:11:45Z,0,0,0,0,4.2,0,17.9,848.8,18,18.2,91.2,260,252,0,0,160,0,0,18.3,17.1,14
2026-04-22T19:26:52Z,0,0,0,0,4.2,0,17.9,848.9,18,18.2,91.6,259,253,0,0,160,0,0,18.3,17.2,14
2026-04-22T19:41:59Z,0,0,0,0,4.2,0,17.8,848.9,17.9,18.1,91.8,259,254,0,0,160,0,0,18.3,17.1,14
2026-04-22T19:57:06Z,0,0,0,0,4.2,0,17.7,848.9,17.9,18.1,92.9,260,253,0,0,160,0.2,0.2,18.2,17.2,13.9
2026-04-22T20:12:12Z,0,0,0,0,4.2,0,17.7,848.8,17.8,18,93.4,260,253,0,0,160,0,0,18.1,17.2,13.8
2026-04-22T20:27:35Z,0,0,0,0,4.2,0,17.5,848.7,17.6,17.8,93.8,259,253,0,0,160,0,0,18,17.1,13.7
2026-04-22T20:42:53Z,0,0,0,0,4.2,0,17.6,848.7,17.7,17.9,94.6,261,252,0,0,160,0,0,18,17.2,13.7
2026-04-22T20:57:59Z,0,0,0,0,4.2,0,17.6,848.6,17.8,17.9,94.8,261,254,0,0,160,0,0,18.1,17.3,13.8
2026-04-22T21:13:06Z,0,0,0,0,4.2,0,17.8,848.5,17.9,18.1,95.2,260,252,0,0,160,0.2,0.2,18.3,17.5,14
2026-04-22T21:28:13Z,0,0,0,0,4.2,0,17.9,848.5,18,18.2,94.7,259,254,0,0.7,160,2.2,2.2,18.4,17.6,14.1
2026-04-22T21:43:40Z,0,0,0,0,4.2,0,17.8,848.2,17.9,18.2,93.8,261,253,0,0,160,0,0,18.3,17.4,14
2026-04-22T21:58:46Z,0,0,0,0,4.2,0,17.6,848.1,17.7,17.9,93.5,261,253,0,0,160,0,0,18.1,17.1,13.8
2026-04-22T22:13:53Z,0,0,0,0,4.2,0,17.4,848,17.4,17.6,94.1,260,253,0,0,160,0,0,17.8,16.9,13.5
2026-04-22T22:29:00Z,0,0,0,0,4.2,0,17.3,847.6,17.2,17.5,94.9,261,253,0,0,160,0,0,17.7,16.9,13.4
2026-04-22T22:44:07Z,0,0,0,0,4.2,0,17.2,847.3,17.3,17.5,95.2,260,253,0,0,160,0.2,0.2,17.7,17,13.4
2026-04-22T22:59:14Z,0,0,0,0,4.2,0,17.4,847.3,17.4,17.7,95.4,261,254,0,0.2,160,0.8,0.8,17.8,17.1,13.6
2026-04-22T23:14:20Z,0,0,0,0,4.2,0,17.3,847.3,17.4,17.6,95.3,261,254,0,0,160,0,0,17.8,17.1,13.5
2026-04-22T23:29:42Z,0,0,0,0,4.2,0,17.3,847.1,17.4,17.6,95.3,260,255,0,0,160,0,0,17.8,17.1,13.5
2026-04-22T23:44:49Z,0,0,0,0,4.2,0,17.3,847,17.5,17.7,95.2,259,254,0,0.1,160,0.4,0.4,17.8,17.1,13.6
2026-04-23T00:00:56Z,0,0,0,0,4.2,0,17.3,847,17.4,17.6,94.8,260,254,0,0.2,160,0.7,0.7,17.8,17,13.5
2026-04-23T00:16:03Z,0,0,0,0,4.2,0,17.4,847.1,17.5,17.7,94.3,260,254,0,0.1,160,0.7,0.7,17.8,17,13.6
2026-04-23T00:31:10Z,0,0,0,0,4.2,0,17.3,847.1,17.4,17.7,94.1,259,253,0,0.2,160,0.9,0.9,17.8,17,13.6
2026-04-23T00:46:17Z,0,0,0,0,4.2,0,17.3,847,17.4,17.7,94.4,261,255,0,0.5,160,1.3,1.3,17.8,17,13.5
2026-04-23T01:01:24Z,0,0,0,0,4.2,0,17.3,847,17.4,17.6,94.4,260,255,0,0.6,160,1.7,1.7,17.8,16.9,13.5
2026-04-23T01:16:47Z,0,0,0,0,4.2,0,17.2,847.3,17.4,17.5,94.5,260,252,0,0.3,160,0.9,0.9,17.7,16.9,13.4
2026-04-23T01:31:54Z,0,0,0,0,4.2,0,17.3,847.4,17.4,17.6,94.4,260,253,0,0.1,160,0.7,0.7,17.8,16.9,13.5
2026-04-23T01:47:01Z,0,0,0,0,4.2,0,17.2,847.4,17.3,17.5,94.1,260,253,0,0,160,0,0,17.7,16.8,13.4
2026-04-23T02:02:08Z,0,0,0,0,4.2,0,17.2,847.6,17.3,17.5,94.1,260,252,0,0,160,0.2,0.2,17.7,16.8,13.4
2026-04-23T02:17:15Z,0,0,0,0,4.2,0,17,847.6,17.1,17.4,93.5,262,252,0,0.1,160,0.4,0.4,17.5,16.6,13.3
2026-04-23T02:32:22Z,0,0,0,0,4.2,0,17,847.8,17.1,17.4,93.6,260,254,0,0,160,0,0,17.5,16.6,13.2
2026-04-23T02:47:44Z,0,0,0,0,4.2,0,17,847.9,17.1,17.4,93.8,260,254,0,0.2,160,0.4,0.4,17.5,16.6,13.2
2026-04-23T03:02:51Z,0,0,0,0,4.2,0,17,848.2,17.1,17.3,93.9,259,253,0,0.5,160,1.1,1.1,17.4,16.6,13.2
2026-04-23T03:18:51Z,0,0,0,0,4.2,0,16.9,848.6,17.1,17.3,94.1,259,255,0,0.4,160,1.3,1.3,17.4,16.6,13.2
2026-04-23T03:33:58Z,0,0,0,0,4.2,0,16.9,848.8,17,17.3,94.4,261,269,0,0,160,0,0,17.4,16.6,13.1
2026-04-23T03:49:05Z,0,0,0,0,4.2,0,16.8,849,16.9,17.2,94.3,263,289,0,0,160,0.2,0.2,17.3,16.5,13.1
2026-04-23T04:04:12Z,0,0,0,0.1,4.2,0,16.9,849.2,17.1,17.3,94.5,275,407,0,0,160,0,0,17.4,16.6,13.1
2026-04-23T04:19:19Z,0,0,0,0.3,4.2,0,17.1,849.3,17.2,17.4,94.3,305,727,0,0,160,0,0,17.6,16.8,13.3
2026-04-23T04:34:26Z,0,0,0,0.4,4.2,0,17.4,849.6,17.6,17.7,93.1,325,944,0,0,160,0,0,17.9,16.9,13.6
2026-04-23T04:49:48Z,0,0,0,0.3,4.2,0,17.7,849.9,17.9,18,91.5,322,919,0,0,160,0,0,18.1,17,13.8
2026-04-23T05:04:54Z,0,0,0,0.4,4.2,0,18,850,18.2,18.3,90.5,338,1096,0,0,160,0.2,0.2,18.4,17.2,14.1
2026-04-23T05:20:02Z,0,0,0,0.7,4.2,0,18.7,850,18.9,19,88.9,387,1626,0,0.4,160,0.9,0.9,19.1,17.6,14.7
2026-04-23T05:35:09Z,0,0,0,0.9,4.2,0,19,850.1,19.2,19.1,86.8,420,1921,0,0.5,160,1.1,1.1,19.2,17.5,14.9
2026-04-23T05:50:40Z,0,0,0,1.4,4.2,0,19.3,850.1,19.6,19.5,86,511,2898,0,0.3,160,0.9,0.9,19.6,17.8,15.2
2026-04-23T06:06:06Z,0,0,0,1,0,0,19.7,850.1,20.1,19.8,83.9,453,2280,0,0.7,160,1.3,1.3,19.9,17.8,15.5
2026-04-23T06:21:12Z,0,0,0,2.7,0,0,20.3,850.1,20.7,20.5,80.3,754,5470,0,0.3,160,0.9,0.9,20.6,18,16.1
2026-04-23T06:36:23Z,0,0,0,1.8,0,0,21,850.2,21.6,21.4,76.3,592,3733,0,1,149,2,2,21.5,18.4,16.9
2026-04-23T06:52:10Z,0,0,0,0.9,0,0,20.1,850.3,20.6,20.6,76.9,422,1992,0,0.5,189,1.1,1.1,20.6,17.7,16.1
2026-04-23T07:07:18Z,0,0,0,1.6,0,0,21.9,850.3,22.5,22,71.9,549,3290,0,1.1,156,1.5,1.5,22.1,18.4,17.4
2026-04-23T07:22:24Z,0,0,0,2.7,0,0,23.4,850.2,24.4,23.6,64.8,768,5537,0,0.8,156,2,2,23.7,19,18.7
2026-04-23T07:37:31Z,0,0,0,1.7,0,0,23.6,850,24.1,24.1,62.8,567,3396,0,0.5,156,0.9,0.9,24.1,19.1,19.1
2026-04-23T07:53:17Z,0,0,0,1.3,0,0,23.4,850.1,23.8,23.8,64.9,501,2817,0,0,156,0.2,0.2,23.9,19.1,18.9
2026-04-23T08:09:17Z,0,0,0,1.4,0,0,22.9,850,23.4,23.4,66.4,522,3059,0,0.1,156,0.7,0.7,23.5,19,18.5
2026-04-23T08:24:23Z,0,0,0,3,0,0,25,849.8,25.2,24.9,64.2,826,6043,0,0.2,156,0.9,0.9,25,20,19.7
2026-04-23T08:39:30Z,0,0,0,3.5,0,0,24.1,849.5,24.7,24.8,57.5,918,7030,0,1,156,2,2,24.8,19,19.6
2026-04-23T08:55:20Z,0,0,0,4.1,0,0,25.1,849.4,25.9,25.8,56.2,1028,8182,0,0.5,108,1.5,1.5,25.8,19.6,20.4
2026-04-23T09:10:27Z,0,0,0,2.4,0,0,25,849.1,25.6,25.8,57.1,711,4969,0,0.4,143,1.5,1.5,25.8,19.8,20.4
2026-04-23T09:25:34Z,0,0,0,2.1,0,0,24.9,849,25.6,25.5,59.9,650,4305,0,0,143,0.2,0.2,25.6,19.9,20.2
2026-04-23T09:40:41Z,0,0,0,0.9,0,0,23.8,848.8,24.1,24,63.5,434,2142,0,0.3,224,0.9,0.9,24,19.1,19
2026-04-23T09:55:47Z,0,0,0,0.9,0,0,23.1,848.6,23.8,23.7,64.1,420,1996,0,0.9,165,2.2,2.2,23.7,18.9,18.7
2026-04-23T10:11:18Z,0,0,0,1.6,0,0,23.3,848.4,23.8,23.6,64.4,565,3415,0,0.2,165,1.1,1.1,23.7,18.9,18.7
2026-04-23T10:26:20Z,0,0,0,2.3,0,0,24.9,848,25.4,25.5,60.6,689,4720,0,0.3,164,0.8,0.8,25.6,20,20.2
2026-04-23T10:42:19Z,0,0,0,1,0,0,23.1,847.7,23.7,23.6,65.7,440,2129,0,0.4,161,1.5,1.5,23.7,19,18.7
2026-04-23T10:57:25Z,0,0,0,4.7,0,0,24.6,847.3,25.2,25.1,65.7,1135,9429,0,0,161,0,0,25.2,20.4,19.9
2026-04-23T11:14:17Z,0,0,0,4.4,0,0,25.9,847.1,26.2,26.4,61,1074,8821,0,0.1,168,0.7,0.7,26.5,20.9,20.9
2026-04-23T11:29:23Z,0,0,0,1.1,0,0,25.1,846.9,25.7,26,59.6,457,2324,0,0.4,125,1.1,1.1,26.1,20.4,20.6
2026-04-23T11:45:23Z,0,0,0,1.8,0,0,23,846.9,23.3,23.6,68.5,588,3617,0,0.8,133,1.7,1.7,23.7,19.4,18.7
2026-04-23T12:00:30Z,0,0,0,0.6,0,0,22.8,846.8,23,23.2,68.7,362,1333,0,0.5,157,2.2,2.2,23.3,19.1,18.4
2026-04-23T12:16:16Z,0,0,0,0.7,0,0,22.3,846.6,22.6,22.7,70.6,392,1564,0,2,171,5.2,5.2,22.8,18.9,18
2026-04-23T12:31:23Z,0,0,0,0.4,0,0,22.2,846.4,22.4,22.5,71.2,337,966,0,0.7,161,1.5,1.5,22.6,18.8,17.8
2026-04-23T12:46:30Z,0,0,0,2.9,0,0,22.7,846.2,22.9,23,69.4,799,6076,0,0.1,177,0.7,0.7,23.1,19,18.3
2026-04-23T13:01:36Z,0,0,0,1.1,0,0,23.1,846.1,23.4,23.5,68,452,2290,0,0.5,164,1.5,1.5,23.6,19.3,18.7
2026-04-23T13:16:43Z,0,0,0,0.4,0,0,22.8,845.9,23.2,23.2,69.7,339,1068,0,0.4,164,1.3,1.3,23.3,19.2,18.4
2026-04-23T13:32:24Z,0,0,0,0.2,0,0,22,845.8,22.2,22.3,71.8,303,589,0,0.2,216,0.9,0.9,22.4,18.7,17.6
2026-04-23T13:47:33Z,0,0,0,1.3,0,0,22.1,845.8,22.4,22.5,71.6,492,2725,0,0.5,187,1.1,1.1,22.6,18.8,17.8
2026-04-23T14:02:40Z,0,0,0,0.5,0,0,23.5,846,24.2,24.4,63.1,352,1186,0,1.4,154,3.1,3.1,24.5,19.4,19.3
2026-04-23T14:17:46Z,0,0,0,0.2,0,0,22.5,846,22.9,23,67.7,290,452,0,0,167,0.2,0.2,23.1,18.8,18.2
2026-04-23T14:32:53Z,0,0,0,0.1,0,0,21.8,846.1,22.1,22.3,71,282,386,0,0,167,0,0,22.4,18.6,17.7
2026-04-23T14:48:20Z,0,0,0,0.1,0,0,21.3,846.3,21.6,21.7,71.3,277,371,0,0.2,167,0.7,0.7,21.8,18.1,17.1
2026-04-23T15:03:28Z,0,0,0,0.1,0,0,21,846.3,21.2,21.4,70.1,275,364,0,0.2,123,1,1,21.4,17.6,16.8
2026-04-23T15:18:36Z,0,0,0,0.1,0,0,20.7,846.4,20.9,21.1,71.8,271,336,0,0.1,168,0.9,0.9,21.1,17.5,16.5
2026-04-23T15:34:34Z,0,0,0,0,0,0,20.4,846.5,20.5,20.7,73.3,261,260,0,0,188,0,0,20.8,17.4,16.2
2026-04-23T15:50:28Z,0,0,0,0,0,0,20.2,846.7,20.3,20.5,74.8,261,253,0,0.1,115,1.1,1.1,20.5,17.3,16
2026-04-23T16:05:35Z,0,0,0,0,0,0,20.1,846.8,20.2,20.5,76,260,254,0,0,115,0,0,20.5,17.5,16
2026-04-23T16:20:42Z,0,0,0,0,0,0,19.9,847,20.1,20.2,77.2,261,252,0,0,121,0,0,20.3,17.4,15.8
2026-04-23T16:36:33Z,0,0,0,0,0,0,19.5,847.1,19.7,19.9,79.3,258,253,0,0.1,109,0.4,0.4,20,17.4,15.6
2026-04-23T16:51:40Z,0,0,0,0,0,0,19.3,847.2,19.4,19.6,80.8,260,254,0,0.4,101,1.1,1.1,19.7,17.2,15.3
2026-04-23T17:06:48Z,0,0,0,0,0,0,19,847.4,19.1,19.4,82.4,261,253,0,0.1,122,0.7,0.7,19.4,17.2,15
2026-04-23T17:22:42Z,0,0,0,0,0,0,18.8,847.6,18.9,19.1,83.9,259,254,0,0.1,123,0.4,0.4,19.2,17.1,14.8
2026-04-23T17:38:38Z,0,0,0,0,0,0,18.6,847.7,18.8,19,84.7,260,254,0,0.2,123,0.9,0.9,19.1,17.1,14.7
2026-04-23T17:53:44Z,0,0,0,0,0,0,18.5,847.9,18.6,18.8,85.7,260,253,0,0,123,0,0,18.9,17.1,14.6
2026-04-23T18:08:51Z,0,0,0,0,0,0,18.3,848,18.5,18.7,86.3,260,255,0,0.3,111,1.3,1.3,18.7,17,14.4
2026-04-23T18:23:58Z,0,0,0,0,0,0,18.5,848.1,18.6,18.8,85.9,262,253,0,0,119,0,0,18.8,17,14.5
2026-04-23T18:39:37Z,0,0,0,0,0,0,18.5,848.5,18.6,18.8,85.6,262,253,0,0.7,119,1.7,1.7,18.9,17.1,14.6
2026-04-23T18:54:44Z,0,0,0,0,0,0,18.6,848.6,18.8,18.9,85.3,260,254,0,0.1,189,0.4,0.4,19,17.1,14.6
2026-04-23T19:09:50Z,0,0,0,0,0,0,18.5,848.7,18.6,18.9,86,259,254,0,0.1,189,0.4,0.4,19,17.2,14.6
2026-04-23T19:24:57Z,0,0,0,0,0,0,18.4,848.8,18.6,18.8,86.3,259,253,0,0.2,165,0.4,0.4,18.9,17.1,14.6
2026-04-23T19:40:04Z,0,0,0,0,0,0,18.4,848.7,18.6,18.8,86.2,259,253,0,0.2,125,0.7,0.7,18.9,17.2,14.6
2026-04-23T19:55:11Z,0,0,0,0,0,0,18.4,848.8,18.6,18.8,86.7,261,254,0,0,103,0,0,18.9,17.2,14.6
2026-04-23T20:10:34Z,0,0,0,0,0,0,18.5,848.8,18.6,18.8,86.6,260,254,0,0,113,0,0,18.9,17.2,14.6
2026-04-23T20:25:41Z,0,0,0,0,0,0,18.5,848.7,18.6,18.8,86.9,259,253,0,0,113,0.2,0.2,18.9,17.2,14.6
2026-04-23T20:40:48Z,0.2,0,2.4,0,0,0,17.8,848.9,17.8,18,92.2,260,255,0,1.3,184,2.9,2.9,18.2,17.1,13.9
2026-04-23T20:55:55Z,0,0,5,0,0,0,17.3,848.7,17.5,17.7,93.8,259,253,0,0,186,0,0,17.9,17,13.6
2026-04-23T21:11:02Z,0,0,5.4,0,0,0,17.4,848.4,17.5,17.7,94.6,261,254,0,0,186,0,0,17.9,17.1,13.6
2026-04-23T21:26:09Z,0,0,5.6,0,0,0,17.3,848.2,17.4,17.7,94.9,259,253,0,0,186,0,0,17.8,17.1,13.6
2026-04-23T21:41:16Z,0,0,5.6,0,0,0,17.4,847.9,17.5,17.8,95.3,260,253,0,0,186,0,0,17.9,17.2,13.6
2026-04-23T21:56:38Z,0,0,5.6,0,0,0,17.4,847.9,17.4,17.7,95.6,260,253,0,0,186,0,0,17.9,17.2,13.6
2026-04-23T22:11:45Z,0,0,5.6,0,0,0,17.2,847.7,17.3,17.6,95.5,260,254,0,0,186,0,0,17.7,17,13.5
2026-04-23T22:26:52Z,0,0,5.6,0,0,0,17.1,847.8,17.2,17.5,95.6,260,253,0,0,186,0,0,17.7,17,13.4
2026-04-23T22:41:59Z,0,0,5.6,0,0,0,17.2,847.6,17.3,17.5,95.7,259,253,0,0,186,0,0,17.7,17,13.4
2026-04-23T22:57:48Z,0,0,5.6,0,0,0,17.1,847.3,17.2,17.4,95.8,261,254,0,0,186,0,0,17.6,16.9,13.3
2026-04-23T23:12:55Z,0,0,5.6,0,0,0,17.2,847.2,17.4,17.6,96,262,254,0,0,186,0,0,17.8,17.1,13.5
2026-04-23T23:28:02Z,0,0,5.6,0,0,0,17.4,847.1,17.4,17.7,96.1,260,253,0,0,187,0.2,0.2,17.9,17.3,13.6
2026-04-23T23:43:09Z,0,0,5.8,0,0,0,17.3,847.1,17.4,17.6,96.2,260,254,0,0,186,0,0,17.8,17.2,13.5
2026-04-23T23:58:15Z,0,0,5.8,0,0,0,17.1,847,17.2,17.5,96.2,261,254,0,0,186,0,0,17.7,17,13.4
2026-04-24T00:00:17Z,0,0,5.8,0,0,0,17.1,847.1,17.2,17.5,96.2,260,253,0,0,186,0,0,17.6,17,13.4
2026-04-24T00:15:38Z,0,0,5.8,0,0,0,17,847.2,17.1,17.4,96.3,260,254,0,0,186,0,0,17.5,16.9,13.3
2026-04-24T00:30:45Z,0,0,5.8,0,0,0,16.9,847.1,17.1,17.3,96.3,260,253,0,0,186,0,0,17.4,16.8,13.2
2026-04-24T00:45:47Z,0,0,5.8,0,0,0,16.9,847.2,17.1,17.3,96.4,260,254,0,0,186,0,0,17.5,16.9,13.2
2026-04-24T01:00:55Z,0,0,5.8,0,0,0,17,847.2,17.1,17.3,96.4,259,253,0,0,186,0,0,17.5,16.9,13.2
2026-04-24T01:16:02Z,0,0,5.8,0,0,0,17,847.2,17,17.3,96.5,260,253,0,0,186,0,0,17.5,16.9,13.2
2026-04-24T01:31:09Z,0,0,5.8,0,0,0,17,847.1,17.1,17.4,96.6,261,254,0,0,186,0,0,17.5,17,13.3
2026-04-24T01:46:15Z,0,0,5.8,0,0,0,17,847.2,17.1,17.3,96.6,260,253,0,0,186,0,0,17.5,16.9,13.2
2026-04-24T02:01:42Z,0,0,5.8,0,0,0,16.7,847.2,16.8,17.1,96.7,260,255,0,0,186,0,0,17.2,16.7,13
2026-04-24T02:16:49Z,0,0,5.8,0,0,0,16.5,847.3,16.6,16.9,96.7,259,253,0,0,186,0,0,17,16.5,12.8
2026-04-24T02:31:55Z,0,0,5.8,0,0,0,16.5,847.4,16.6,16.9,96.8,261,254,0,0,186,0,0,17,16.5,12.8
2026-04-24T02:47:01Z,0,0,5.8,0,0,0,16.7,847.5,16.8,17.1,96.9,260,253,0,0,186,0,0,17.2,16.7,13
2026-04-24T03:02:08Z,0,0,5.8,0,0,0,16.8,847.5,16.9,17.1,97,259,253,0,0,186,0,0,17.3,16.8,13.1
2026-04-24T03:17:15Z,0,0,5.8,0,0,0,16.7,847.8,16.8,17.1,97.1,262,262,0,0,186,0,0,17.3,16.8,13
2026-04-24T03:32:21Z,0,0,5.8,0,0,0,16.7,847.9,16.8,17.1,97.1,265,304,0,0,186,0,0,17.3,16.7,13
2026-04-24T03:47:45Z,0,0,5.8,0.1,0,0,16.8,847.7,16.9,17.2,97.1,273,381,0,0,186,0,0,17.3,16.8,13.1
2026-04-24T04:02:52Z,0,0,5.8,0.1,0,0,16.9,848,17,17.2,97.1,279,400,0,0,186,0,0,17.3,16.8,13.1
2026-04-24T04:17:58Z,0,0,5.8,0.3,0,0,16.8,848.2,16.8,17.1,97.2,307,753,0,0,186,0,0,17.3,16.8,13
2026-04-24T04:33:05Z,0,0,5.8,0.4,0,0,17.2,848.1,17.2,17.5,97.2,324,887,0,0,186,0,0,17.7,17.2,13.5
2026-04-24T04:48:11Z,0,0,5.8,0.3,0,0,17.4,848.2,17.6,17.8,97.1,305,616,0,0,186,0,0,17.9,17.4,13.7
2026-04-24T05:03:45Z,0,0,5.8,1.4,0,0,17.6,848.5,17.8,17.8,97.1,526,3264,0,0.2,187,0.7,0.7,18,17.4,13.7
2026-04-24T05:19:09Z,0,0,5.8,0.8,0,0,17.9,848.8,18.1,18.1,93.3,402,1733,0,0.6,187,1.1,1.1,18.2,17.3,13.9
2026-04-24T05:34:15Z,0,0,5.8,0.8,0,0,18.5,848.6,18.7,18.5,89.8,412,1801,0,0.4,262,1.5,1.5,18.6,17.3,14.3
2026-04-24T05:49:21Z,0,0,5.8,0.6,0,0,18.6,848.5,18.9,18.6,85.6,370,1307,0,0,262,0.2,0.2,18.7,16.9,14.4
2026-04-24T06:04:27Z,0,0,0,0.6,5.8,0,20.6,848.6,20.8,20.2,84.4,375,1433,0,0,262,0.2,0.2,20.4,18.3,15.9
2026-04-24T06:19:33Z,0,0,0,0.4,5.8,0,19.8,848.6,20.1,19.8,82.7,339,999,0,0,262,0.2,0.2,19.8,17.6,15.4
2026-04-24T06:35:20Z,0,0,0,2.7,5.8,0,21.4,848.6,21.8,21.1,75.2,752,5522,0,0.6,171,1.4,1.4,21.2,18,16.6
2026-04-24T06:50:26Z,0,0,0,3.1,5.8,0,23.2,848.6,23.7,22.8,65.8,829,6319,0,1.2,251,2.2,2.2,22.8,18.3,18
2026-04-24T07:06:25Z,0,0,0,2.1,5.8,0,22.8,848.5,23.8,22.9,66.2,647,4207,0,0.6,168,1.3,1.3,22.9,18.5,18.1
2026-04-24T07:22:21Z,0,0,0,1,5.8,0,23.2,848.4,23.9,22.6,66.4,437,2034,0,0.4,259,0.9,0.9,22.7,18.2,17.9
2026-04-24T07:38:19Z,0,0,0,0.8,5.8,0,21.3,848.4,21.7,21.2,70.8,413,1753,0,0.2,158,1,1,21.2,17.5,16.6
2026-04-24T07:53:25Z,0,0,0,4,5.8,0,22.8,848.4,23.2,23.1,68,996,7984,0,0.3,103,1.3,1.3,23.2,18.9,18.3
2026-04-24T08:08:31Z,0,0,0,4,5.8,0,22.4,848.2,23.1,22.6,62.4,1006,8069,0,0.7,200,1.3,1.3,22.6,17.7,17.8
2026-04-24T08:24:23Z,0,0,0,3.4,5.8,0,23,848,24,23.2,61.1,898,7079,0,0.9,173,1.3,1.3,23.2,18.1,18.3
2026-04-24T08:39:29Z,0,0,0,4.2,5.8,0,23.6,847.8,24.7,24,63.1,1048,8476,0,0,173,0.4,0.4,24.1,19.1,19
2026-04-24T08:55:24Z,0,0,0,0.6,5.8,0,23.9,847.6,24.4,24,58,377,1334,0,0.1,264,0.4,0.4,24,18.3,18.9
2026-04-24T09:10:29Z,0,0,0,4.5,5.8,0,24.3,847.4,24.9,24.9,56.4,1092,9001,0,0.5,164,1.1,1.1,24.9,18.8,19.6
2026-04-24T09:25:35Z,0,0,0,1,5.8,0,24.5,847.2,25.2,24.9,55.9,444,2025,0,0.5,165,0.9,0.9,24.9,18.8,19.7
2026-04-24T09:41:25Z,0,0,0,1.1,5.8,0,24.1,847.1,24.6,24.2,59.3,471,2385,0,0.5,166,1.5,1.5,24.3,18.7,19.2
2026-04-24T09:56:34Z,0,0,0,3.6,5.8,0,24.5,846.9,24.9,24.7,60.3,934,7183,0,0.3,166,1.1,1.1,24.8,19.3,19.6
2026-04-24T10:11:41Z,0,0,0,1.3,5.8,0,24.3,846.6,24.5,24.8,55.8,498,2715,0,0.2,166,0.7,0.7,24.8,18.7,19.6
2026-04-24T10:26:47Z,0,0,0,1.2,5.8,0,24.5,846.5,24.9,25.2,54.9,488,2655,0,0.2,74,1.1,1.1,25.2,18.9,19.9
2026-04-24T10:41:54Z,0,0,0,1.9,5.8,0,25.3,846.3,25.6,25.9,55.1,611,3911,0,0.5,75,1.7,1.7,25.9,19.6,20.5
2026-04-24T10:58:25Z,0,0,0,2.6,5.8,0,25.7,846.2,26,26.5,50.3,738,5190,0,0.8,118,3.5,3.5,26.5,19.3,20.9
2026-04-24T11:13:31Z,0,0,0,2.3,5.8,0,25,845.9,25.6,25.9,51,682,4453,0,1.1,81,1.7,1.7,25.9,18.9,20.4
2026-04-24T11:29:25Z,0,0,0,1.9,5.8,0,24.9,845.9,25.4,25.5,54.8,605,3758,0,0.4,127,2.2,2.2,25.6,19.2,20.2
2026-04-24T11:45:25Z,0,0,0,4.2,5.8,0,25.5,845.6,26.1,26.3,55.6,1041,8515,0,0.3,77,0.9,0.9,26.3,20,20.8
2026-04-24T12:00:42Z,0,0,0,1.5,5.8,0,24.9,845.5,25.2,26,53.8,532,2964,0,1.5,117,3.1,3.1,26,19.5,20.6
2026-04-24T12:16:27Z,0,0,0,2.7,5.8,0,25.3,845.3,25.9,26.2,52.2,768,5540,0,0.1,77,1.5,1.5,26.3,19.4,20.7
2026-04-24T12:31:33Z,0,0,0,2.9,5.8,0,26.7,845.1,27.4,27.9,49.1,799,5934,0,0,75,0.2,0.2,28.3,20.4,22.2
2026-04-24T12:46:39Z,0,0,0,1.2,5.8,0,26.7,845,27.4,28,46.7,478,2551,0,0.3,75,2,2,28.1,20,22.1
2026-04-24T13:02:32Z,0,0,0,0.9,5.8,0,25.2,845.1,25.7,26.2,53.5,426,1996,0,0.2,75,1.1,1.1,26.3,19.6,20.7
2026-04-24T13:18:30Z,0,0,0,0.9,5.8,0,24.1,845.1,24.4,25,56.4,417,1868,0,0.3,106,0.9,0.9,25,18.9,19.7
2026-04-24T13:33:32Z,0,0,0,0.9,5.8,0,24.3,845,24.7,25,57.6,432,2051,0,0.2,81,0.9,0.9,25.1,19.2,19.8
2026-04-24T13:48:38Z,0,0,0,1.6,5.8,0,24.4,845.1,24.8,25.3,56.4,565,3590,0,0.6,108,1.7,1.7,25.4,19.3,20.1
2026-04-24T14:04:36Z,0,0,0,0.6,5.8,0,24.6,845.2,25.3,25.8,57.2,366,1288,0,0,82,0.2,0.2,25.8,19.8,20.4
2026-04-24T14:20:33Z,0,0,0,0.3,5.8,0,23.9,845.4,24.4,24.8,60.1,323,814,0,0.3,86,0.8,0.8,24.8,19.3,19.6
2026-04-24T14:35:50Z,0,0,0,0.3,5.8,0,22.7,845.5,23.1,23.3,66.1,313,742,0,0.4,175,1.5,1.5,23.3,18.8,18.4
2026-04-24T14:50:56Z,0,0,0,0.2,5.8,0,22.2,845.6,22.4,22.7,67.9,297,583,0,0.3,88,0.9,0.9,22.7,18.5,17.9
2026-04-24T15:06:40Z,0,0,0,0.1,5.8,0,21.9,845.8,22.1,22.2,69.1,279,433,0,0,73,0.2,0.2,22.3,18.2,17.5
2026-04-24T15:21:46Z,0,0,0,0.1,5.8,0,21.6,845.9,21.8,22,69.8,267,310,0,0.9,76,2.2,2.2,22,18.1,17.3
2026-04-24T15:37:41Z,0,0,0,0,5.8,0,21.2,846.1,21.4,21.6,69.3,262,260,0,0.1,77,0.4,0.4,21.6,17.7,17
2026-04-24T15:53:41Z,0,0,0,0,5.8,0,21,846.2,21.1,21.3,70,261,255,0,0.4,79,1.3,1.3,21.3,17.5,16.7
2026-04-24T16:08:47Z,0,0,0,0,5.8,0,20.8,846.3,20.9,21.1,72.6,260,252,0,0.4,79,1.5,1.5,21.2,17.7,16.6
2026-04-24T16:23:53Z,0,0,0,0,5.8,0,20.8,846.5,20.9,21.1,74.2,260,254,0,0.3,79,0.7,0.7,21.2,17.9,16.6
2026-04-24T16:39:49Z,0,0,0,0,5.8,0,20.7,846.7,20.8,21,75.9,261,254,0,0,79,0,0,21.1,18,16.5
2026-04-24T16:55:48Z,0,0,0,0,5.8,0,20.5,847,20.7,20.9,76.2,261,253,0,0.1,79,0.4,0.4,20.9,17.9,16.4
2026-04-24T17:11:42Z,0,0,0,0,5.8,0,20.4,847.2,20.6,20.8,76.5,261,254,0,0.2,79,0.7,0.7,20.9,17.8,16.3
2026-04-24T17:26:49Z,0,0,0,0,5.8,0,20.4,847.4,20.5,20.7,77.4,260,253,0,0.2,79,0.4,0.4,20.8,17.9,16.3
2026-04-24T17:41:56Z,0,0,0,0,5.8,0,20.2,847.6,20.4,20.6,77.9,259,254,0,0,79,0,0,20.7,17.9,16.2
2026-04-24T17:57:02Z,0,0,0,0,5.8,0,20.2,847.9,20.2,20.5,77.4,261,254,0,0,79,0.2,0.2,20.6,17.7,16.1
2026-04-24T18:13:34Z,0,0,0,0,5.8,0,20,848.2,20.1,20.3,77.6,261,254,0,0,79,0,0,20.4,17.5,15.9
2026-04-24T18:28:40Z,0,0,0,0,5.8,0,19.8,848.2,19.9,20.2,77.3,260,253,0,0,79,0,0,20.2,17.4,15.8
2026-04-24T18:43:47Z,0,0,0,0,5.8,0,19.7,848.3,19.8,20,77.5,260,254,0,0,79,0,0,20.1,17.3,15.6
2026-04-24T18:58:53Z,0,0,0,0,5.8,0,19.5,848.3,19.7,19.8,77.7,261,253,0,0,79,0,0,19.9,17.1,15.4
2026-04-24T19:14:00Z,0,0,0,0,5.8,0,19.4,848.4,19.6,19.8,77.2,260,254,0,0.3,79,1.1,1.1,19.8,17,15.4
2026-04-24T19:29:07Z,0,0,0,0,5.8,0,19.2,848.5,19.4,19.6,78.5,260,252,0,0,79,0.2,0.2,19.7,17,15.2
2026-04-24T19:44:13Z,0,0,0,0,5.8,0,19.1,848.4,19.3,19.5,78.9,260,253,0,0.5,79,1.7,1.7,19.5,16.9,15.1
2026-04-24T19:59:34Z,0,0,0,0,5.8,0,18.9,848.4,19.1,19.3,80.6,261,253,0,0,79,0.2,0.2,19.3,16.9,15
2026-04-24T20:14:41Z,0,0,0,0,5.8,0,18.5,848.4,18.6,18.9,82.3,261,253,0,0.1,79,0.4,0.4,19,16.8,14.6
2026-04-24T20:29:46Z,0,0,0,0,5.8,0,18.1,848.4,18.2,18.5,84.9,259,254,0,0,79,0.2,0.2,18.6,16.7,14.3
2026-04-24T20:44:53Z,0,0,0,0,5.8,0,17.8,848.4,17.9,18.1,86.9,261,255,0,0,79,0,0,18.2,16.6,13.9
2026-04-24T20:59:59Z,0,0,0,0,5.8,0,17.7,848.4,17.8,18,88.8,259,253,0,0.1,79,0.4,0.4,18.1,16.6,13.8
2026-04-24T21:15:05Z,0,0,0,0,5.8,0,17.7,848.3,17.8,18,89.5,260,252,0,0,79,0,0,18.1,16.7,13.8
2026-04-24T21:30:12Z,0,0,0,0,5.8,0,17.5,848.4,17.6,17.8,90.5,261,253,0,0,79,0,0,17.9,16.7,13.6
2026-04-24T21:45:37Z,0,0,0,0,5.8,0,17.3,848.4,17.4,17.6,91.9,262,253,0,0.1,79,0.2,0.2,17.7,16.6,13.5
2026-04-24T22:00:44Z,0,0,0,0,5.8,0,17.3,848.4,17.3,17.6,92,261,254,0,0,79,0,0,17.8,16.7,13.5
2026-04-24T22:15:50Z,0,0,0,0,5.8,0,17.3,848.2,17.4,17.6,92.1,261,253,0,0,79,0.2,0.2,17.7,16.7,13.5
2026-04-24T22:30:57Z,0,0,0,0,5.8,0,17.4,848,17.5,17.7,92.4,259,254,0,0,79,0,0,17.9,16.8,13.6
2026-04-24T22:46:03Z,0,0,0,0,5.8,0,17.3,847.9,17.4,17.7,92.5,259,253,0,0,79,0.2,0.2,17.8,16.8,13.5
2026-04-24T23:01:09Z,0,0,0,0,5.8,0,17.4,847.6,17.5,17.7,92.8,259,253,0,0,79,0.2,0.2,17.8,16.8,13.6
2026-04-24T23:16:15Z,0,0,0,0,5.8,0,17.4,847.4,17.5,17.7,92.9,262,253,0,0.1,79,0.7,0.7,17.9,16.9,13.6
2026-04-24T23:31:41Z,0,0,0,0,5.8,0,17.4,847.3,17.5,17.7,93,260,253,0,0.1,79,0.6,0.6,17.8,16.9,13.6
2026-04-24T23:46:48Z,0,0,0,0,5.8,0,17.4,847.2,17.5,17.7,93,260,254,0,0,79,0,0,17.9,16.9,13.6
2026-04-25T00:00:54Z,0,0,0,0,5.8,0,17.4,847.2,17.5,17.8,92.9,260,254,0,0.1,79,0.4,0.4,17.9,16.9,13.6
2026-04-25T00:16:00Z,0,0,0,0,5.8,0,17.5,847.1,17.6,17.8,92.9,261,254,0,0,79,0,0,17.9,16.9,13.6
2026-04-25T00:31:07Z,0,0,0,0,5.8,0,17.5,847.2,17.6,17.8,93,260,253,0,0,79,0.2,0.2,18,17,13.7
2026-04-25T00:46:13Z,0,0,0,0,5.8,0,17.5,847.2,17.6,17.8,93.1,261,253,0,0,79,0,0,17.9,16.9,13.6
2026-04-25T01:01:19Z,0,0,0,0,5.8,0,17.4,847,17.5,17.7,93.2,260,253,0,0,79,0,0,17.9,16.9,13.6
2026-04-25T01:16:44Z,0,0,0,0,5.8,0,17.4,847.1,17.4,17.7,93.4,260,254,0,0.4,79,0.9,0.9,17.8,16.9,13.5
2026-04-25T01:31:50Z,0,0,0,0,5.8,0,17.3,847.1,17.3,17.6,93.5,259,253,0,0.1,79,0.4,0.4,17.7,16.8,13.5
2026-04-25T01:46:57Z,0,0,0,0,5.8,0,17,847.2,17.1,17.3,93.5,260,253,0,0,79,0,0,17.5,16.6,13.2
2026-04-25T02:02:04Z,0,0,0,0,5.8,0,17,847.5,17.1,17.4,94.4,259,253,0,0,79,0,0,17.5,16.7,13.2
2026-04-25T02:17:11Z,0,0,0,0,5.8,0,17.2,847.5,17.2,17.5,94.5,260,254,0,0,79,0,0,17.6,16.8,13.4
2026-04-25T02:32:17Z,0,0,0,0,5.8,0,17.2,847.7,17.4,17.6,94.4,260,253,0,0,79,0,0,17.7,16.9,13.4
2026-04-25T02:47:24Z,0,0,0,0,5.8,0,17.1,847.8,17.2,17.5,93.9,259,252,0,0,79,0,0,17.6,16.7,13.3
2026-04-25T03:02:48Z,0,0,0,0,5.8,0,17.2,848.1,17.3,17.6,93.7,260,253,0,0,79,0.2,0.2,17.7,16.8,13.4
2026-04-25T03:17:55Z,0,0,0,0,5.8,0,17.4,848.3,17.6,17.7,93.3,260,256,0,0.4,79,0.7,0.7,17.9,16.9,13.6
2026-04-25T03:33:02Z,0,0,0,0.1,5.8,0,17.2,848.5,17.3,17.6,93.1,266,309,0,0.1,79,0.6,0.6,17.7,16.8,13.4
2026-04-25T03:48:09Z,0,0,0,0.1,5.8,0,17.1,848.8,17.2,17.4,93.3,278,420,0,0,79,0,0,17.6,16.6,13.3
2026-04-25T04:03:16Z,0,0,0,0.2,5.8,0,17.2,849.1,17.3,17.5,93.6,291,576,0,0,79,0,0,17.6,16.7,13.4
2026-04-25T04:18:59Z,0,0,0,0.2,5.8,0,17.4,849.2,17.6,17.7,93.2,298,613,0,0,79,0,0,17.9,16.9,13.6
2026-04-25T04:34:22Z,0,0,0,0.3,5.8,0,17.6,849.6,17.8,17.9,92.1,311,762,0,0,79,0,0,18,17,13.8
2026-04-25T04:49:29Z,0,0,0,0.3,5.8,0,17.9,849.8,18.1,18.2,90.4,316,830,0,0.1,79,0.4,0.4,18.4,17.1,14.1
2026-04-25T05:04:36Z,0,0,0,0.4,5.8,0,18.2,849.8,18.3,18.5,88.6,324,931,0,0,79,0,0,18.6,17.2,14.3
2026-04-25T05:19:43Z,0,0,0,0.3,5.8,0,18.6,849.9,18.6,18.9,87.6,322,918,0,0.1,79,0.4,0.4,19,17.4,14.7
2026-04-25T05:34:50Z,0,0,0,0.5,5.8,0,18.8,849.9,18.8,19,87.5,352,1265,0,0,79,0.2,0.2,19.1,17.5,14.8
2026-04-25T05:49:56Z,0,0,0,1.5,5.8,0,20,850,19.9,20,84.5,532,3111,0,0.5,79,1.1,1.1,20.1,18.1,15.7
2026-04-25T06:05:51Z,0,0,0,1.1,0,0,20.8,850.1,20.4,20.5,81,468,2415,0,0.5,78,1,1,20.6,18.1,16.1
2026-04-25T06:20:58Z,0,0,0,1.2,0,0,21.3,850.2,21.3,21.4,78.5,491,2706,0,0.1,79,0.7,0.7,21.6,18.7,16.9
2026-04-25T06:36:05Z,0,0,0,1.8,0,0,21.2,850.3,21.4,21.8,75.6,601,3833,0,0.2,79,0.9,0.9,21.9,18.7,17.2
2026-04-25T06:51:28Z,0,0,0,1.7,0,0,22.9,850.3,23,23.1,73,565,3441,0,0,79,0,0,23.3,19.6,18.4
2026-04-25T07:06:35Z,0,0,0,1.6,0,0,22.7,850.3,22.6,22.9,72.2,561,3419,0,0.1,79,0.4,0.4,23,19.3,18.2
2026-04-25T07:21:42Z,0,0,0,1,0,0,22.6,850.3,22.6,23.1,72.2,448,2258,0,0,79,0,0,23.2,19.4,18.3
2026-04-25T07:36:48Z,0,0,0,0.6,0,0,22,850.3,22.1,22.5,71.3,362,1380,0,0.1,79,0.4,0.4,22.6,18.8,17.8
2026-04-25T07:51:55Z,0,0,0,0.8,0,0,21.4,850.2,21.4,21.9,72.5,405,1839,0,0.4,79,1.3,1.3,22,18.4,17.3
2026-04-25T08:07:02Z,0,0,0,1.5,0,0,21.8,850.1,22,22.4,73,532,3161,0,0,79,0,0,22.5,18.9,17.7
2026-04-25T08:22:40Z,0,0,0,3.5,0,0,23.6,849.9,23.6,23.6,67.3,912,7018,0,0.2,79,0.9,0.9,23.7,19.3,18.7
2026-04-25T08:37:47Z,0,0,0,1.7,0,0,22.3,849.6,22.8,22.1,70.6,572,3447,0,1.2,79,1.7,1.7,22.2,18.3,17.4
2026-04-25T08:52:53Z,0,0,0,1.3,0,0,22.9,849.3,23.6,23,65.4,501,2688,0,0.3,79,1.3,1.3,23,18.4,18.2
2026-04-25T09:08:01Z,0,0,0,3,0,0,23.9,849,24.4,24.1,63.5,810,5948,0,0.1,174,0.4,0.4,24.2,19.2,19.1
2026-04-25T09:23:08Z,0,0,0,4.1,0,0,24.4,848.7,25.2,25,60,1021,8175,0,0.7,80,2.2,2.2,25,19.5,19.8
2026-04-25T09:38:14Z,0,0,0,1.6,0,0,23.5,848.4,24.2,24.2,61.6,555,3309,0,1.2,178,2.6,2.6,24.3,19,19.2
2026-04-25T09:53:37Z,0,0,0,5.2,0,0,24.3,848.1,24.8,25,61.3,1220,10555,0,0.1,87,0.9,0.9,25.1,19.7,19.8
2026-04-25T10:08:43Z,0,0,0,2.9,0,0,25.1,848,26,25.7,59.3,801,5957,0,0.7,208,1.5,1.5,25.7,20,20.3
2026-04-25T10:23:44Z,0,0,0,3,0,0,23.8,847.8,24.5,24.5,63.6,817,5993,0,1,172,1.5,1.5,24.6,19.6,19.4
2026-04-25T10:38:51Z,0,0,0,3.8,0,0,24.8,847.4,25.1,25.6,61.4,975,7772,0,0.7,78,2.8,2.8,25.7,20.3,20.3
2026-04-25T10:54:46Z,0,0,0,3.9,0,0,25.3,847.1,25.8,26.1,59.2,986,7934,0,0.9,52,2.8,2.8,26.3,20.4,20.7
2026-04-25T11:09:52Z,0,0,0,3.8,0,0,25.5,846.8,26.2,26.4,54.8,959,7563,0,1.6,186,2.6,2.6,26.5,20,20.9
2026-04-25T11:24:59Z,0,0,0,1.4,0,0,25.2,846.6,25.9,26.1,56,515,2691,0,0.7,77,2.4,2.4,26.1,19.9,20.6
2026-04-25T11:40:06Z,0,0,0,3.6,0,0,25.9,846.5,26.5,26.6,56.4,932,7315,0,0.2,84,0.7,0.7,27.4,20.4,21.6
2026-04-25T11:55:13Z,0,0,0,3.5,0,0,25.6,846.4,26.3,26.5,57.3,902,7069,0,0,159,0,0,26.5,20.4,21
2026-04-25T12:10:19Z,0,0,0,2.8,0,0,25.7,846.2,26.3,26.5,57.4,773,5565,0,0.5,135,2,2,26.6,20.5,21
2026-04-25T12:25:44Z,0,0,0,1,0,0,24.1,846.1,24.7,24.7,61.9,441,1945,0,0.4,190,1.7,1.7,24.8,19.5,19.6
2026-04-25T12:40:50Z,0,0,0,0.6,0,0,25.5,846,26,26.3,57.8,369,1232,0,0.6,174,1.3,1.3,26.4,20.3,20.8
2026-04-25T12:55:57Z,0,0,0,0.6,0,0,24.5,845.9,25.1,25.2,60.2,373,1264,0,0.4,92,1.3,1.3,25.3,19.7,20
2026-04-25T13:11:04Z,0,0,0,2.1,0,0,25.4,846,26.1,26.3,56.3,649,4395,0,0.5,92,1.1,1.1,26.4,20.1,20.8
2026-04-25T13:26:10Z,0,0,0,0.4,0,0,25.4,845.8,26.4,26.4,57.2,330,872,0,0.3,164,1.3,1.3,26.5,20.4,20.9
2026-04-25T13:41:46Z,0,0,0,0.4,0,0,24.1,845.9,24.5,24.7,61.4,341,1036,0,0.4,167,1.3,1.3,24.7,19.4,19.6
2026-04-25T13:57:08Z,0,0,0,0.9,0,0,24.3,846,24.8,24.9,60.7,423,1991,0,0.7,186,2.2,2.2,25,19.5,19.8
2026-04-25T14:12:20Z,0,0,0,0.4,0,0,24.2,846.1,24.7,25.1,60.8,333,953,0,0.2,119,0.9,0.9,25.2,19.7,19.9
2026-04-25T14:27:26Z,0,0,0,0.3,0,0,23.7,846.1,24.1,24.3,63.9,314,773,0,0.2,148,0.7,0.7,24.3,19.4,19.2
2026-04-25T14:42:32Z,0,0,0,0.2,0,0,23.1,846.2,23.4,23.5,68.1,301,628,0,0,116,0.2,0.2,23.6,19.3,18.7
2026-04-25T14:57:39Z,0,0,0,0.2,0,0,22.7,846.3,22.9,23.1,69.1,288,490,0,0,113,0.2,0.2,23.1,19,18.3
2026-04-25T15:13:16Z,0,0,0,0.1,0,0,22.4,846.6,22.6,22.7,71.7,274,367,0,0.1,119,0.4,0.4,22.8,19,18
2026-04-25T15:28:22Z,0,0,0,0,0,0,22,846.8,22.1,22.3,73.1,264,279,0,0.1,92,0.9,0.9,22.4,18.8,17.7
2026-04-25T15:43:29Z,0,0,0,0,0,0,21.6,847,21.7,21.9,74.7,259,256,0,0,92,0,0,22,18.6,17.3
2026-04-25T15:59:19Z,0,0,0,0,0,0,21.2,847.1,21.2,21.5,76.7,260,254,0,0,92,0,0,21.6,18.6,17
2026-04-25T16:14:19Z,0,0,0,0,0,0,20.9,847.3,21.1,21.2,77.3,259,254,0,0.1,92,1.1,1.1,21.3,18.4,16.7
2026-04-25T16:29:25Z,0,0,0,0,0,0,20.7,847.5,20.9,21,78.8,261,254,0,0.5,92,2,2,21.1,18.4,16.6
2026-04-25T16:44:32Z,0,0,0,0,0,0,20.4,847.8,20.6,20.8,81.3,260,254,0,0.1,92,0.7,0.7,20.9,18.4,16.4
2026-04-25T17:00:22Z,0,0,0,0,0,0,20.3,848,20.5,20.7,82.4,261,254,0,0.3,92,1.1,1.1,20.8,18.5,16.3
2026-04-25T17:15:29Z,0,0,0,0,0,0,20,848.3,20.2,20.4,84,260,252,0,0,92,0.2,0.2,20.6,18.4,16.1
2026-04-25T17:30:35Z,0,0,0,0,0,0,19.9,848.6,20,20.2,84.5,260,254,0,0,92,0.2,0.2,20.4,18.3,15.9
2026-04-25T17:45:42Z,0,0,0,0,0,0,19.6,848.9,19.8,20,84.7,258,254,0,0.1,92,0.4,0.4,20.1,18.1,15.7
2026-04-25T18:01:18Z,0,0,0,0,0,0,19.6,849,19.7,19.9,84.6,261,254,0,0,92,0.7,0.7,20,18,15.6
2026-04-25T18:16:25Z,0,0,0,0,0,0,19.5,849.1,19.7,19.9,84.7,260,253,0,0,92,0.2,0.2,20,18,15.6
2026-04-25T18:31:31Z,0,0,0,0,0,0,19.5,849,19.6,19.8,83.6,259,253,0,0.3,92,0.9,0.9,19.9,17.8,15.5
2026-04-25T18:46:37Z,0,0,0,0,0,0,19.4,849.1,19.5,19.7,83.5,260,254,0,0,92,0,0,19.8,17.7,15.4
2026-04-25T19:02:21Z,0,0,0,0,0,0,19.3,849.2,19.4,19.6,84.1,260,253,0,0,92,0,0,19.7,17.7,15.3
2026-04-25T19:17:27Z,0,0,0,0,0,0,19.2,849.5,19.4,19.5,85,259,254,0,0,92,0,0,19.6,17.7,15.2
2026-04-25T19:32:34Z,0,0,0,0,0,0,19.1,849.6,19.2,19.4,84.9,260,254,0,0,92,0,0,19.5,17.6,15.1
2026-04-25T19:47:41Z,0,0,0,0,0,0,19.1,849.6,19.2,19.4,84.7,260,253,0,0,92,0,0,19.5,17.5,15.1
2026-04-25T20:02:47Z,0,0,0,0,0,0,19.1,849.6,19.2,19.4,85.2,261,254,0,0,92,0,0,19.5,17.6,15.1
2026-04-25T20:17:54Z,0,0,0,0,0,0,19.1,849.5,19.3,19.4,84.8,260,254,0,0.2,92,0.9,0.9,19.5,17.6,15.1
2026-04-25T20:33:18Z,0,0,0,0,0,0,19.2,849.4,19.4,19.6,84.5,261,253,0,0.3,92,1.1,1.1,19.7,17.7,15.3
2026-04-25T20:48:24Z,0,0,0,0,0,0,19.1,849.4,19.2,19.4,85.2,261,253,0,0.4,92,0.9,0.9,19.5,17.6,15.1
2026-04-25T21:03:31Z,0,0,0,0,0,0,18.8,849.4,18.9,19.2,86.1,259,254,0,0,92,0.2,0.2,19.3,17.5,14.9
2026-04-25T21:18:37Z,0,0,0,0,0,0,18.8,849.3,18.9,19.2,86.6,260,253,0,0.1,92,0.7,0.7,19.3,17.5,14.9
2026-04-25T21:33:43Z,0,0,0,0,0,0,18.9,849.1,19.1,19.3,85.9,261,253,0,0.6,92,1.7,1.7,19.4,17.6,15
2026-04-25T21:48:50Z,0,0,0,0,0,0,18.9,848.9,19.1,19.3,86.4,260,253,0,0,92,0.2,0.2,19.4,17.6,15
2026-04-25T22:03:56Z,0,0,0,0,0,0,18.8,848.8,18.9,19.1,87.3,260,253,0,0.3,92,1.1,1.1,19.3,17.6,14.9
2026-04-25T22:19:21Z,0,0,0,0,0,0,18.7,848.8,18.8,19.1,87.8,260,253,0,1,92,1.5,1.5,19.2,17.6,14.8
2026-04-25T22:34:28Z,0,0,0,0,0,0,18.7,848.6,18.9,19.1,88.2,259,255,0,0.2,92,0.4,0.4,19.2,17.6,14.8
2026-04-25T22:49:34Z,0,0,0,0,0,0,18.6,848.6,18.8,19,89.1,260,254,0,0.3,92,1.1,1.1,19.2,17.7,14.8
2026-04-25T23:04:41Z,0,0,0,0,0,0,18.6,848.5,18.8,19,89.3,260,254,0,0.3,92,1.3,1.3,19.1,17.7,14.7
2026-04-25T23:19:47Z,0,0,0,0,0,0,18.5,848.5,18.7,18.9,89.7,260,253,0,0,92,0.4,0.4,19,17.6,14.7
2026-04-25T23:34:54Z,0,0,0,0,0,0,18.5,848.4,18.6,18.8,90,261,252,0,0.3,92,0.7,0.7,19,17.6,14.6
2026-04-25T23:50:32Z,0,0,0,0,0,0,18.5,848.4,18.6,18.8,90.4,259,253,0,0.1,92,0.4,0.4,18.9,17.6,14.6
2026-04-26T00:00:36Z,0,0,0,0,0,0,18.4,848.4,18.6,18.8,90.7,259,253,0,0.2,92,0.9,0.9,18.9,17.6,14.6
2026-04-26T00:15:43Z,0,0,0,0,0,0,18.3,848.4,18.5,18.7,90.8,261,254,0,0.7,92,1.3,1.3,18.8,17.6,14.5
2026-04-26T00:30:50Z,0,0,0,0,0,0,18.3,848.4,18.5,18.7,90.8,260,253,0,0.7,92,1.4,1.4,18.8,17.5,14.5
2026-04-26T00:45:56Z,0,0,0,0,0,0,18.3,848.5,18.4,18.7,90.6,259,254,0,0.8,92,2.4,2.4,18.8,17.5,14.5
2026-04-26T01:01:03Z,0,0,0,0,0,0,18.2,848.6,18.4,18.6,90.7,260,254,0,0.1,92,0.5,0.5,18.8,17.5,14.4
2026-04-26T01:16:27Z,0,0,0,0,0,0,18.2,848.7,18.3,18.5,91,260,254,0,0,92,0,0,18.7,17.5,14.4
2026-04-26T01:31:33Z,0,0,0,0,0,0,18.1,848.7,18.2,18.5,91.3,261,255,0,0.1,92,0.7,0.7,18.7,17.5,14.4
2026-04-26T01:46:40Z,0,0,0,0,0,0,18.1,848.7,18.2,18.5,91.5,260,255,0,0,92,0,0,18.6,17.4,14.3
2026-04-26T02:01:47Z,0,0,0,0,0,0,18,848.8,18.1,18.4,91.3,260,254,0,0,92,0,0,18.5,17.3,14.2
2026-04-26T02:16:54Z,0,0,0,0,0,0,18,848.8,18.1,18.4,91.4,260,253,0,0,92,0,0,18.5,17.4,14.2
2026-04-26T02:32:01Z,0,0,0,0,0,0,18,849,18.1,18.4,91.5,261,254,0,0,92,0.2,0.2,18.5,17.4,14.2
2026-04-26T02:47:07Z,0,0,0,0,0,0,18,849.2,18.1,18.3,91.3,259,253,0,0,92,0,0,18.5,17.3,14.1
2026-04-26T03:02:39Z,0,0,0,0,0,0,18,849.3,18.1,18.3,91.3,261,252,0,0,92,0.2,0.2,18.4,17.3,14.1
2026-04-26T03:18:34Z,0,0,0,0,0,0,18,849.6,18.1,18.3,91.5,260,254,0,0,92,0.2,0.2,18.5,17.3,14.2
2026-04-26T03:33:57Z,0,0,0,0,0,0,18,849.8,18.1,18.3,91.8,262,268,0,0,92,0,0,18.5,17.3,14.2
2026-04-26T03:49:04Z,0,0,0,0,0,0,18,850.2,18.1,18.4,92.1,265,303,0,0.1,92,0.4,0.4,18.5,17.4,14.2
2026-04-26T04:04:11Z,0,0,0,0.1,0,0,18,850.4,18.1,18.3,92.1,275,407,0,0,92,0,0,18.4,17.3,14.1
2026-04-26T04:19:17Z,0,0,0,0.2,0,0,18,850.4,18.2,18.4,91.8,286,512,0,0.3,92,1.3,1.3,18.5,17.4,14.2
2026-04-26T04:35:07Z,0,0,0,0.2,0,0,18.2,850.5,18.3,18.5,91.3,288,550,0,0.6,92,1.3,1.3,18.7,17.5,14.4
2026-04-26T04:50:13Z,0,0,0,0.3,0,0,18.4,850.8,18.6,18.8,90.9,322,890,0,0.1,92,0.4,0.4,19,17.7,14.6
2026-04-26T05:05:19Z,0,0,0,0.6,0,0,18.8,851,18.9,19.1,89.5,372,1413,0,0.5,92,0.9,0.9,19.3,17.9,14.9
2026-04-26T05:20:26Z,0,0,0,0.5,0,0,19.2,851,19.3,19.6,88.2,351,1218,0,0,92,0.2,0.2,19.8,18.2,15.4
2026-04-26T05:35:33Z,0,0,0,0.5,0,0,19.5,851.3,19.6,20,85.4,358,1244,0,0.6,92,0.9,0.9,20.1,18.2,15.6
2026-04-26T05:50:39Z,0,0,0,0.5,0,0,19.6,851.5,19.7,20,85.6,345,1163,0,0.1,92,0.7,0.7,20.1,18.2,15.7
2026-04-26T06:06:04Z,0,0,0,0.9,0,0,19.7,851.4,19.7,19.9,86.7,417,1927,0,0,92,0.2,0.2,20.1,18.3,15.6
2026-04-26T06:21:10Z,0,0,0,0.8,0,0,20.2,851.4,20.1,20.3,85,400,1704,0,0.5,92,1.1,1.1,20.5,18.4,16
2026-04-26T06:36:25Z,0,0,0,1.2,0,0,20.2,851.3,20.2,20.7,82.6,476,2526,0,0.8,92,1.7,1.7,20.8,18.5,16.3
2026-04-26T06:51:31Z,0,0,0,2.3,0,0,21.1,851.2,21,21.1,81.9,686,4856,0,0.2,92,0.7,0.7,21.2,18.8,16.6
2026-04-26T07:06:38Z,0,0,0,2.1,0,0,22.3,851,22.2,22.5,75.1,642,4240,0,0.6,92,1.1,1.1,22.6,19.2,17.8
2026-04-26T07:21:45Z,0,0,0,1.3,0,0,22.7,850.9,22.4,22.5,76.3,501,2832,0,0.1,92,0.4,0.4,22.7,19.5,17.9
2026-04-26T07:37:07Z,0,0,0,4.3,0,0,24.1,850.7,24.1,24.4,72.4,1053,8786,0,0,92,0.2,0.2,24.5,20.7,19.4
2026-04-26T07:52:14Z,0,0,0,1.5,0,0,25.1,850.5,25,25.1,63.9,528,3038,0,0.4,92,0.9,0.9,25.2,20.2,19.9
2026-04-26T08:07:20Z,0,0,0,1.3,0,0,23.7,850.4,24,23.4,67.7,507,2798,0,0.9,92,1.3,1.3,23.5,19.1,18.5
2026-04-26T08:23:15Z,0,0,0,1.5,0,0,23.1,850.2,23.9,23.3,69.3,542,3213,0,0.3,92,0.7,0.7,23.4,19.2,18.4
2026-04-26T08:38:21Z,0,0,0,4.9,0,0,24,850,24.6,24.4,67,1175,10112,0,0,92,0.2,0.2,24.5,19.9,19.3
2026-04-26T08:53:27Z,0,0,0,1.6,0,0,23.6,849.8,24.2,23.9,67.5,562,3447,0,0,92,0,0,24,19.6,19
2026-04-26T09:08:34Z,0,0,0,3,0,0,24.5,849.4,25.2,24.6,63.6,819,6087,0,0.2,188,0.9,0.9,24.7,19.7,19.5
2026-04-26T09:23:41Z,0,0,0,4.3,0,0,24.9,849.2,26.1,25.6,60.5,1053,8509,0,0.9,95,1.5,1.5,25.7,20.1,20.3
2026-04-26T09:38:48Z,0,0,0,2.7,0,0,24.5,849.1,25.2,24.8,59.7,767,5485,0,0.2,183,0.9,0.9,24.8,19.2,19.6
2026-04-26T09:54:11Z,0,0,0,1.9,0,0,25.1,848.9,26.1,25.4,59.1,607,3831,0,0.6,183,1.3,1.3,25.5,19.7,20.1
2026-04-26T10:09:23Z,0,0,0,4.3,0,0,24.7,848.5,25.1,24.7,62.2,1069,8887,0,0.1,183,0.4,0.4,24.7,19.5,19.6
2026-04-26T10:25:20Z,0,0,0,1,0,0,24.3,848.3,24.9,24.8,60.8,447,2123,0,0.1,183,0.9,0.9,24.9,19.5,19.7
2026-04-26T10:40:26Z,0,0,0,3.7,0,0,25.3,848.1,25.8,25.6,59.8,955,7505,0,0.5,183,1.4,1.4,25.6,20,20.3
2026-04-26T10:55:32Z,0,0,0,4.1,0,0,27.2,847.9,27.6,27.9,53.8,1021,8195,0,0.2,85,1.1,1.1,28.7,21.1,22.5
2026-04-26T11:10:39Z,0,0,0,3.7,0,0,26.8,847.7,27.4,27.7,52.8,954,7426,0,0.5,95,1.1,1.1,28.4,20.8,22.3
2026-04-26T11:25:45Z,0,0,0,3.7,0,0,27.2,847.3,27.7,28.3,53.4,947,7415,0,0.1,96,0.7,0.7,29.2,21.4,22.9
2026-04-26T11:40:52Z,0,0,0,3.3,0,0,26.6,847.1,27.3,27.3,49.6,881,6702,0,0.1,186,0.4,0.4,27.7,19.9,21.8
2026-04-26T11:56:24Z,0,0,0,3.6,0,0,29.3,846.9,29.8,30,47.1,922,7167,0,0.3,186,1.3,1.3,30.6,21.7,23.8
2026-04-26T12:12:24Z,0,0,0,0.9,0,0,26.7,846.9,27.3,27.7,53.5,428,1944,0,0.7,92,2.4,2.4,28.4,20.9,22.3
2026-04-26T12:27:30Z,0,0,0,0.8,0,0,25.4,846.6,25.8,26.1,57.1,401,1593,0,0.3,94,1.1,1.1,26.2,20,20.7
2026-04-26T12:43:28Z,0,0,0,1.1,0,0,25.8,846.4,26.1,26.5,58,468,2372,0,0.6,145,2.2,2.2,26.6,20.5,21
2026-04-26T12:58:34Z,0,0,0,2.2,0,0,25.9,846.4,26.2,26.8,57.6,671,4558,0,0.1,99,0.7,0.7,27.7,20.8,21.8
2026-04-26T13:13:40Z,0,0,0,2,0,0,27,846.3,27.8,28.1,52.1,621,4019,0,0.3,91,1.5,1.5,28.7,21,22.5
2026-04-26T13:28:47Z,0,0,0,2,0,0,26.4,846.3,27.2,27.3,55,631,4269,0,0.9,179,2.4,2.4,28,20.8,22
2026-04-26T13:43:53Z,0,0,0,0.3,0,0,25.3,846.3,25.6,26.2,57.7,318,784,0,0.5,93,1.5,1.5,26.3,20.3,20.8
2026-04-26T14:00:24Z,0,0,0,0.3,0,0,24.5,846.4,24.8,25,62.5,316,771,0,0,93,0.4,0.4,25,19.8,19.8
2026-04-26T14:15:31Z,0,0,0,0.2,0,0,24.2,846.5,24.4,24.6,65.5,285,489,0,0.6,168,2.4,2.4,24.7,19.9,19.5
2026-04-26T14:30:38Z,0,0,0,0.1,0,0,23.6,846.7,23.8,24,67.1,278,405,0,0.4,81,1.5,1.5,24.1,19.6,19
2026-04-26T14:46:25Z,0,0,0,0.1,0,0,23.3,846.9,23.5,23.6,68.8,277,394,0,0.2,100,0.7,0.7,23.7,19.5,18.8
2026-04-26T15:01:32Z,0,0,0,0.1,0,0,23.2,846.9,23.4,23.5,69.7,266,299,0,0.5,194,2.2,2.2,23.6,19.5,18.7
2026-04-26T15:16:38Z,0,0,0,0,0,0,22.8,847,23,23.2,71.9,263,276,0,0.4,130,1.5,1.5,23.3,19.5,18.4
2026-04-26T15:32:30Z,0,0,0,0,0,0,22.4,847.4,22.6,22.8,74.9,262,255,0,0,99,0.2,0.2,22.9,19.5,18.1
2026-04-26T15:47:36Z,0,0,0,0,0,0,22.2,847.7,22.4,22.5,76.4,260,254,0,0.4,99,1.3,1.3,22.7,19.5,17.9
2026-04-26T16:02:42Z,0,0,0,0,0,0,22.1,848,22.2,22.4,75.8,261,253,0,0.7,47,2.2,2.2,22.5,19.3,17.7
2026-04-26T16:17:49Z,0,0,0,0,0,0,21.7,848.3,21.8,22,77.9,260,253,0,0.6,90,1.7,1.7,22.2,19.2,17.5
2026-04-26T16:32:56Z,0,0,0.4,0,0,0,19.6,848.6,19.6,20.1,88,261,253,0,0.3,94,1.1,1.1,20.2,18.6,15.8
2026-04-26T16:48:03Z,0,0,1,0,0,0,18.9,849,19,19.4,91.5,259,253,0,0.5,79,2,2,19.6,18.3,15.2
2026-04-26T17:03:26Z,0.2,0,2.2,0,0,0,18.3,849.5,18.4,18.8,92.5,260,253,0,0.9,78,2,2,19,17.9,14.6
2026-04-26T17:18:35Z,0.2,0,4,0,0,0,18.3,849.7,18.4,18.7,93.6,260,253,0,1,91,2.4,2.4,18.9,17.9,14.6
2026-04-26T17:33:42Z,0,0,4.6,0,0,0,18.3,850,18.4,18.8,94,260,253,0,0,99,0,0,19,18,14.6
2026-04-26T17:48:48Z,0,0,5.2,0,0,0,18.1,850.2,18.1,18.4,94.3,261,253,0,0.1,99,0.4,0.4,18.6,17.7,14.3
2026-04-26T18:03:54Z,0,0,5.2,0,0,0,18,850.1,18.1,18.3,94.7,261,255,0,0.3,99,0.9,0.9,18.5,17.7,14.2
2026-04-26T18:19:00Z,0,0,5.2,0,0,0,17.7,850.2,17.8,18,94.5,260,254,0,0,99,0,0,18.2,17.4,13.9
2026-04-26T18:34:06Z,0,0,5.2,0,0,0,17.6,850.4,17.7,17.9,94.8,260,254,0,0.4,99,1.5,1.5,18.1,17.3,13.8
2026-04-26T18:49:31Z,0,0,5.2,0,0,0,17.5,850.5,17.6,17.8,94.9,260,254,0,0,99,0.2,0.2,18,17.2,13.7
2026-04-26T19:04:37Z,0,0,5.2,0,0,0,17.5,850.7,17.6,17.8,95.2,262,254,0,0,99,0,0,18,17.3,13.7
2026-04-26T19:19:43Z,0,0,5.2,0,0,0,17.5,850.6,17.6,17.9,95.3,261,252,0,0,99,0,0,18,17.3,13.7
2026-04-26T19:34:50Z,0,0,5.2,0,0,0,17.5,850.6,17.7,17.9,95.4,261,253,0,0,99,0,0,18,17.3,13.7
2026-04-26T19:49:57Z,0,0,5.2,0,0,0,17.6,850.5,17.6,17.9,95.7,259,254,0,0,99,0,0,18.1,17.4,13.8
2026-04-26T20:05:03Z,0,0,5.2,0,0,0,17.5,850.6,17.6,17.9,95.8,260,254,0,0,99,0,0,18,17.3,13.7
2026-04-26T20:20:43Z,0,0,5.2,0,0,0,17.5,850.5,17.6,17.9,95.9,260,252,0,0,99,0,0,18,17.4,13.8
2026-04-26T20:35:50Z,0,0,5.2,0,0,0,17.6,850.3,17.7,17.9,96,260,254,0,0,99,0.2,0.2,18.1,17.4,13.8
2026-04-26T20:50:57Z,0,0,5.2,0,0,0,17.5,850.2,17.7,17.9,96,260,253,0,0.2,99,0.7,0.7,18.1,17.4,13.8
2026-04-26T21:06:44Z,0,0,5.4,0,0,0,17.6,850,17.7,17.9,95.9,260,254,0,0.1,99,0.2,0.2,18.1,17.4,13.8
2026-04-26T21:21:50Z,0,0,5.4,0,0,0,17.6,849.8,17.8,18,95.6,262,254,0,0,99,0,0,18.2,17.5,13.9
2026-04-26T21:36:56Z,0,0,5.4,0,0,0,17.8,849.9,17.9,18.1,95.5,258,253,0,0,99,0,0,18.3,17.6,14
2026-04-26T21:52:03Z,0,0,5.4,0,0,0,17.8,849.9,17.9,18.1,95.4,260,253,0,0,99,0,0,18.3,17.6,14
2026-04-26T22:07:09Z,0.2,0,6.4,0,0,0,17.8,849.8,17.9,18.2,95.7,259,253,0,0,99,0,0,18.4,17.7,14.1
2026-04-26T22:22:15Z,0.2,0,11,0,0,0,17.8,849.6,17.9,18.1,96.1,259,254,0,0,100,0,0,18.3,17.6,14
2026-04-26T22:37:38Z,0,0,11.8,0,0,0,17.7,849.3,17.8,18,96.4,260,253,0,0,100,0,0,18.2,17.6,13.9
2026-04-26T22:52:43Z,0,0,12.4,0,0,0,17.5,849.1,17.6,17.8,96.6,259,254,0,0,100,0,0,18,17.4,13.7
2026-04-26T23:07:49Z,0.2,0,13.4,0,0,0,17.3,849.2,17.4,17.7,96.7,259,253,0,0,100,0.2,0.2,17.9,17.3,13.6
2026-04-26T23:22:57Z,0.2,0,14,0,0,0,17.3,849,17.4,17.6,96.8,260,252,0,0.1,100,0.4,0.4,17.8,17.3,13.5
2026-04-26T23:38:04Z,0,0,14.2,0,0,0,17.3,849.1,17.4,17.6,97,259,252,0,0,100,0,0,17.8,17.3,13.6
2026-04-26T23:53:47Z,0,0,14.6,0,0,0,17.3,849.1,17.4,17.6,97,260,253,0,0.1,100,0.4,0.4,17.8,17.3,13.5
2026-04-27T00:00:50Z,0,0,14.6,0,0,0,17.3,849.1,17.4,17.6,97.1,260,253,0,0,100,0,0,17.8,17.3,13.5
2026-04-27T00:15:57Z,0,0,14.6,0,0,0,17.3,849.1,17.4,17.6,97.1,260,253,0,0,100,0,0,17.7,17.2,13.5
2026-04-27T00:31:04Z,0,0,14.6,0,0,0,17.2,849.1,17.3,17.6,97.2,260,253,0,0,100,0.4,0.4,17.8,17.3,13.5
2026-04-27T00:46:10Z,0,0,14.6,0,0,0,17.2,849.1,17.3,17.5,97.3,261,254,0,0,100,0,0,17.7,17.2,13.4
2026-04-27T01:01:17Z,0,0,14.6,0,0,0,17,849.1,17.1,17.3,97.3,261,253,0,0.2,100,0.7,0.7,17.5,17,13.2
2026-04-27T01:16:41Z,0,0,14.6,0,0,0,16.7,849.2,16.8,17.1,97.2,262,253,0,0,100,0.2,0.2,17.2,16.7,13
2026-04-27T01:31:48Z,0,0,14.8,0,0,0,16.6,849.2,16.6,17,97.2,261,254,0,0,100,0,0,17.1,16.6,12.9
2026-04-27T01:46:55Z,0,0,14.8,0,0,0,16.6,849.2,16.8,17,97.2,260,254,0,0,100,0,0,17.1,16.7,12.9
2026-04-27T02:02:02Z,0,0,14.8,0,0,0,16.6,849.2,16.7,16.9,97.3,261,254,0,0,100,0,0,17.1,16.6,12.8
2026-04-27T02:17:12Z,0,0,14.8,0,0,0,16.6,849.3,16.6,16.9,97.3,259,253,0,0,100,0,0,17.1,16.6,12.8
2026-04-27T02:32:36Z,0,0,14.8,0,0,0,16.5,849.4,16.6,16.9,97.3,261,253,0,0,100,0,0,17,16.6,12.8
2026-04-27T02:47:43Z,0,0,14.8,0,0,0,16.5,849.4,16.6,16.8,97.3,261,253,0,0,100,0,0,17,16.5,12.8
2026-04-27T03:02:50Z,0,0,14.8,0,0,0,16.4,849.5,16.5,16.8,97.3,262,254,0,0,100,0,0,16.9,16.4,12.7
2026-04-27T03:17:56Z,0,0,14.8,0,0,0,16.4,849.5,16.4,16.7,97.2,261,255,0,0,100,0,0,16.9,16.4,12.6
2026-04-27T03:33:03Z,0,0,14.8,0,0,0,16.3,849.7,16.4,16.7,97.3,262,280,0,0,100,0,0,16.8,16.4,12.6
2026-04-27T03:48:10Z,0,0,14.8,0.1,0,0,16.3,849.8,16.4,16.7,97.3,269,340,0,0,100,0,0,16.8,16.3,12.6
2026-04-27T04:03:17Z,0,0,14.8,0.1,0,0,16.3,849.9,16.4,16.7,97.3,282,463,0,0,100,0,0,16.8,16.3,12.6
2026-04-27T04:18:41Z,0,0,14.8,0.3,0,0,16.6,850,16.6,16.9,97.3,305,749,0,0,100,0,0,17,16.5,12.8
2026-04-27T04:33:47Z,0,0,14.8,0.6,0,0,16.8,850,17,17.1,97.2,360,1348,0,0,100,0,0,17.3,16.8,13
2026-04-27T04:48:49Z,0,0,14.8,1.1,0,0,17.4,850.3,17.6,17.8,94.2,457,2446,0,0.6,100,1.1,1.1,17.9,17.1,13.6
2026-04-27T05:03:55Z,0,0,14.8,1.3,0,0,19,850.3,19.3,18.9,88.7,492,2773,0,0.2,100,0.7,0.7,19,17.5,14.7
2026-04-27T05:19:01Z,0,0,14.8,1.1,0,0,20.2,850.3,20.5,19.8,85.5,460,2347,0,0,100,0.2,0.2,20,18,15.5
2026-04-27T05:34:51Z,0,0,14.8,0.9,0,0,21.2,850.4,21.8,20.9,80.4,415,1875,0,0,100,0,0,21,18.4,16.5
2026-04-27T05:50:49Z,0,0,14.8,0.9,0,0,21.6,850.5,22.1,21.5,79.5,427,2007,0,0,100,0.2,0.2,21.7,18.9,17
2026-04-27T06:05:51Z,0,0,0,1.4,14.8,0,21.9,850.6,22.4,22,77.3,523,3044,0,0,100,0,0,22.1,19.1,17.4
2026-04-27T06:20:55Z,0,0,0,1.8,14.8,0,22.1,850.7,22.5,22.4,74.9,584,3690,0,1,100,1.5,1.5,22.5,19.2,17.7
2026-04-27T06:36:52Z,0,0,0,2.3,14.8,0,23.5,850.7,23.8,23.6,75.1,681,4699,0,0.1,100,0.4,0.4,23.8,20.4,18.8
2026-04-27T06:51:54Z,0,0,0,2.5,14.8,0,23.9,850.6,24.1,23.8,70.4,718,5047,0,0.2,100,0.4,0.4,24,19.9,18.9
2026-04-27T07:07:53Z,0,0,0,1.8,14.8,0,24.7,850.6,25.1,24.4,68.5,597,3708,0,0.2,100,0.9,0.9,24.6,20.2,19.4
2026-04-27T07:22:53Z,0,0,0,2.3,14.8,0,24.5,850.6,24.6,24.8,67.1,686,4720,0,0.4,100,0.9,0.9,24.9,20.3,19.7
2026-04-27T07:38:11Z,0,0,0,2.1,14.8,0,24.9,850.5,24.9,25.1,67,655,4367,0,0.3,100,0.7,0.7,25.2,20.6,19.9
2026-04-27T07:54:05Z,0,0,0,1.8,14.8,0,25,850.4,25.1,25.2,67.4,593,3722,0,0.1,100,0.7,0.7,25.3,20.7,20
2026-04-27T08:09:58Z,0,0,0,2,14.8,0,25.3,850.1,25.4,25.3,69.1,622,4089,0,0,100,0.2,0.2,25.5,21.1,20.1
2026-04-27T08:25:08Z,0,0,0,1.6,14.8,0,26.3,850,26.8,26.3,60.9,559,3389,0,0.2,100,0.9,0.9,26.4,20.8,20.9
2026-04-27T08:40:57Z,0,0,0,4.7,14.8,0,25.3,849.9,25.5,25.4,64.3,1131,9670,0,0.1,100,0.4,0.4,25.5,20.5,20.2
2026-04-27T08:55:57Z,0,0,0,4.9,14.8,0,25.4,849.6,25.9,26.2,59.6,1167,9788,0,0.9,94,2,2,26.3,20.5,20.8
2026-04-27T09:11:05Z,0,0,0,2.1,14.8,0,26.1,849.3,26,26.2,61.2,644,4244,0,0.6,94,1.1,1.1,26.4,20.8,20.8
2026-04-27T09:26:11Z,0,0,0,2.1,14.8,0,26.8,848.9,27.2,27,59.9,649,4277,0,0,94,0.2,0.2,28,21.3,22
2026-04-27T09:42:05Z,0,0,0,1.4,14.8,0,24.7,848.6,25.5,25.2,61.5,506,2892,0,0.4,94,1.1,1.1,25.3,19.9,20
2026-04-27T09:58:02Z,0,0,0,1.5,14.8,0,24.8,848.2,25.1,24.8,66,532,3152,0,0,94,0.2,0.2,24.9,20.2,19.7
2026-04-27T10:13:06Z,0,0,0,1,14.8,0,24.5,847.9,25.1,25,66.6,441,2184,0,0,94,0,0,25.1,20.4,19.8
2026-04-27T10:29:01Z,0,0,0,1.4,14.8,0,24.8,847.5,25.2,25.4,63.6,525,2934,0,0.2,94,0.9,0.9,25.5,20.4,20.1
2026-04-27T10:44:03Z,0,0,0,5.3,14.8,0,26.1,847.3,26.9,26.5,60.9,1242,10755,0,0.2,94,0.9,0.9,27.6,21,21.7
2026-04-27T10:59:04Z,0,0,0,1.1,14.8,0,26.6,847,27.2,27.4,57,466,2389,0,0.1,94,0.4,0.4,28.4,21.2,22.3
2026-04-27T11:14:10Z,0,0,0,0.9,14.8,0,25.5,846.9,25.9,26.4,59.5,421,1871,0,0,94,0.2,0.2,26.5,20.7,20.9
2026-04-27T11:29:16Z,0,0,0,1.5,14.8,0,24.9,846.4,25.4,25.5,60.9,530,2819,0,1.2,94,2.4,2.4,25.6,20.1,20.3
2026-04-27T11:45:11Z,0,0,0,2,14.8,0,26.2,846.2,26.4,26.9,59.6,633,3942,0,0.1,94,0.4,0.4,28,21.2,22
2026-04-27T12:00:17Z,0,0,0,3,14.8,0,26.1,846.1,26.6,26.9,62.7,818,6354,0,0.6,79,2.6,2.6,28.2,21.7,22.2
2026-04-27T12:16:08Z,0,0,0,1.3,14.8,0,24.7,846.1,24.8,25.4,67.2,497,2582,0,0.6,93,3,3,25.5,20.9,20.2
2026-04-27T12:31:15Z,0,0,0,2.9,14.8,0,25.3,845.7,25.8,26,66,796,5986,0,0.2,95,0.8,0.8,26.2,21.3,20.7
2026-04-27T12:47:04Z,0,0,0,2,14.8,0,26.3,845.8,26.7,27.5,61.3,624,4072,0,0.8,94,2.2,2.2,28.8,21.9,22.6
2026-04-27T13:03:02Z,0,0,0,0.7,14.8,0,24.5,845.9,25.1,25.2,65.6,393,1682,0,0.8,176,2.4,2.4,25.4,20.5,20
2026-04-27T13:18:04Z,0,0,0,0.9,14.8,0,23.3,846.1,23.8,23.8,66.5,418,1848,0,1.3,186,3.5,3.5,23.9,19.4,18.9
2026-04-27T13:33:10Z,0,0,0,0.6,14.8,0,23.4,845.8,23.6,23.8,69.9,365,1343,0,0.8,103,1.9,1.9,24,19.8,18.9
2026-04-27T13:48:15Z,0,0,0,0.4,14.8,0,22.5,846.2,22.8,22.9,70.7,332,973,0,0.3,191,0.7,0.7,23,19.1,18.2
2026-04-27T14:03:22Z,0,0,0,0.4,14.8,0,22.4,846.4,22.6,22.8,74.9,329,940,0,0.3,167,1.5,1.5,22.9,19.5,18.1
2026-04-27T14:19:19Z,0,0,0,0.1,14.8,0,21.8,846.6,21.9,21.9,79.6,283,486,0,0.6,236,0.9,0.9,22,19.3,17.3
2026-04-27T14:34:25Z,0,0,0,0.2,14.8,0,21.1,846.7,21.3,21.3,80.9,296,604,0,0.8,224,1.1,1.1,21.5,18.9,16.9
2026-04-27T14:49:31Z,0,0,0,0.2,14.8,0,20.8,847,21,21.1,80.7,294,588,0,1.2,172,2.1,2.1,21.2,18.7,16.6
2026-04-27T15:05:16Z,0,0,0,0.1,14.8,0,20.2,847.2,20.4,20.6,81.5,278,445,0,0.9,175,1.7,1.7,20.7,18.3,16.2
2026-04-27T15:20:23Z,0,0,0,0,14.8,0,19.9,847.3,20.1,20.3,83.2,264,296,0,0.6,175,1.7,1.7,20.4,18.2,15.9
2026-04-27T15:35:29Z,0,0,0,0,14.8,0,19.9,847.4,20.1,20.2,84.2,259,258,0,0.2,175,0.4,0.4,20.3,18.2,15.8
2026-04-27T15:51:17Z,0,0,0,0,14.8,0,19.8,847.7,19.9,20.1,84.5,260,252,0,0.1,175,0.7,0.7,20.2,18.2,15.8
2026-04-27T16:06:24Z,0,0,0,0,14.8,0,19.7,848,19.8,20,85.6,258,253,0,0.2,175,0.7,0.7,20.1,18.2,15.7
2026-04-27T16:22:17Z,0,0,0,0,14.8,0,19.6,848.3,19.7,19.9,86.4,260,255,0,0.2,175,0.7,0.7,20,18.2,15.6
2026-04-27T16:37:23Z,0,0,0,0,14.8,0,19.6,848.4,19.7,19.8,87.9,260,254,0,0.2,175,0.4,0.4,20,18.4,15.6
2026-04-27T16:52:30Z,0,0,0,0,14.8,0,19.4,848.6,19.4,19.6,89.4,261,254,0,0,175,0,0,19.8,18.3,15.4
2026-04-27T17:07:37Z,0,0,0,0,14.8,0,19.1,848.7,19.2,19.4,89.3,261,255,0,0,175,0,0,19.6,18.1,15.2
2026-04-27T17:22:44Z,0,0,0,0,14.8,0,19,848.8,19.1,19.3,89,260,253,0,0,175,0,0,19.5,18,15.1
2026-04-27T17:38:11Z,0,0,0,0,14.8,0,18.9,849,19.1,19.3,89.4,261,254,0,0.3,175,0.9,0.9,19.5,18,15.1
2026-04-27T17:53:17Z,0,0,0,0,14.8,0,18.9,849.1,19,19.2,90,259,253,0,0.1,175,0.4,0.4,19.4,18,15
2026-04-27T18:08:24Z,0,0,0,0,14.8,0,18.8,849.4,18.9,19.1,90.8,260,254,0,0,175,0.2,0.2,19.2,18,14.9
2026-04-27T18:23:30Z,0,0,0,0,14.8,0,18.7,849.7,18.8,19,90.9,261,254,0,0.2,175,0.7,0.7,19.2,17.9,14.8
2026-04-27T18:38:37Z,0,0,0,0,14.8,0,18.5,849.8,18.7,18.8,91.2,262,253,0,0.7,270,1.1,1.1,19,17.8,14.7
2026-04-27T18:53:43Z,0,0,2,0,14.8,0,18,849.8,18.1,18.2,93.8,261,254,0,0.6,273,1.3,1.3,18.3,17.4,14
2026-04-27T19:08:50Z,0.2,0,3.8,0,14.8,0,17.5,849.9,17.5,17.7,94.3,260,254,0,0.6,283,1.7,1.7,17.8,17,13.6
2026-04-27T19:24:15Z,0.4,0,8.4,0,14.8,0,17.2,850.1,17.2,17.5,95,260,253,0,0.2,261,0.7,0.7,17.7,17,13.4
2026-04-27T19:39:21Z,0.4,0,23.2,0,14.8,0,16.9,850,17,17.3,95.8,260,253,0,0.1,310,0.4,0.4,17.4,16.8,13.2
2026-04-27T19:54:28Z,1.4,0,31,0,14.8,0,16.9,850.4,17.1,17.3,96.2,261,252,0,0.1,41,0.4,0.4,17.4,16.8,13.2
2026-04-27T20:10:24Z,0.6,0,47.8,0,14.8,0,16.9,850.1,17,17.3,96.8,260,254,0,0.1,294,0.7,0.7,17.5,16.9,13.2
2026-04-27T20:25:31Z,0.6,0,61.6,0,14.8,0,16.9,850,17,17.2,97,260,253,0,0.3,324,1.1,1.1,17.4,16.9,13.2
2026-04-27T20:40:38Z,0,0,67.8,0,14.8,0,17,849.8,17.1,17.3,97.2,261,253,0,0.2,209,0.7,0.7,17.5,17,13.3
2026-04-27T20:55:44Z,0,0,70.2,0,14.8,0,16.9,849.9,17,17.3,97.3,261,253,0,0,209,0.2,0.2,17.4,16.9,13.2
2026-04-27T21:10:50Z,0.2,0,72.6,0,14.8,0,16.9,850.1,17,17.3,97.4,260,253,0,0,110,0.2,0.2,17.4,17,13.2
2026-04-27T21:25:57Z,0.2,0,75.4,0,14.8,0,17,849.6,17,17.3,97.5,260,253,0,0,110,0.2,0.2,17.5,17,13.2
2026-04-27T21:41:20Z,0.2,0,77.6,0,14.8,0,17.1,849.6,17.1,17.5,97.6,260,254,0,0.1,110,0.4,0.4,17.6,17.2,13.4
2026-04-27T21:56:26Z,0.2,0,78.6,0,14.8,0,17.1,849.5,17.2,17.5,97.7,260,254,0,0.6,216,1.3,1.3,17.6,17.2,13.4
2026-04-27T22:11:33Z,0.2,0,79.6,0,14.8,0,17,849.5,17,17.4,97.7,259,254,0,0.8,256,1.3,1.3,17.5,17.1,13.3
2026-04-27T22:26:39Z,0.2,0,80.2,0,14.8,0,17.1,849.3,17.1,17.4,97.8,260,254,0,0.4,252,0.9,0.9,17.6,17.1,13.3
2026-04-27T22:41:46Z,0.2,0,81.8,0,14.8,0,16.9,849,16.9,17.2,97.8,261,255,0,1.4,256,2.6,2.6,17.4,16.9,13.1
2026-04-27T22:56:53Z,0.2,0,84.4,0,14.8,0,16.7,848.9,16.8,17.1,97.8,261,253,0,0.1,203,0.4,0.4,17.3,16.8,13
2026-04-27T23:11:59Z,0.2,0,85.6,0,14.8,0,16.6,848.9,16.7,17,97.8,260,253,0,0.1,265,0.4,0.4,17.2,16.7,12.9
2026-04-27T23:27:24Z,0.2,0,87.6,0,14.8,0,16.3,848.7,16.4,16.6,97.8,261,253,0,0.7,234,1.1,1.1,16.8,16.4,12.6
2026-04-27T23:42:30Z,0,0,89.4,0,14.8,0,16.1,848.6,16.3,16.5,97.8,260,254,0,0,244,0.2,0.2,16.6,16.2,12.4
2026-04-27T23:57:37Z,0,0,90.8,0,14.8,0,16.2,848.7,16.3,16.6,97.8,260,253,0,0,244,0,0,16.8,16.3,12.5
2026-04-28T00:00:38Z,0.2,0,91.2,0,14.8,0,16.3,848.7,16.4,16.7,97.8,261,254,0,0,245,0.2,0.2,16.8,16.4,12.6
2026-04-28T00:15:45Z,0,0,92.2,0,14.8,0,16.3,848.7,16.4,16.6,97.9,260,254,0,0.1,349,0.4,0.4,16.8,16.4,12.5
2026-04-28T00:30:52Z,0,0,92.6,0,14.8,0,16.4,848.7,16.4,16.8,97.9,260,254,0,0.3,279,0.7,0.7,16.9,16.5,12.7
2026-04-28T00:45:59Z,0,0,92.8,0,14.8,0,16.3,848.7,16.4,16.7,97.9,260,252,0,0,279,0,0,16.8,16.4,12.6
2026-04-28T01:01:23Z,0,0,93.4,0,14.8,0,16.3,848.7,16.4,16.6,98,261,252,0,0,281,0.2,0.2,16.8,16.4,12.5
2026-04-28T01:16:30Z,0,0,93.8,0,14.8,0,16,848.7,16.2,16.3,98,260,253,0,0,280,0,0,16.5,16.1,12.3
2026-04-28T01:31:36Z,0,0,94.2,0,14.8,0,15.9,848.7,16.2,16.3,98,259,254,0,0,281,0.2,0.2,16.4,16.1,12.2
2026-04-28T01:47:12Z,0,0,94.4,0,14.8,0,16.1,848.7,16.3,16.5,98.1,260,254,0,0,281,0.2,0.2,16.6,16.2,12.4
2026-04-28T02:02:36Z,0,0,94.8,0,14.8,0,16.1,848.8,16.3,16.5,98.1,259,253,0,0,286,0,0,16.6,16.2,12.4
2026-04-28T02:17:43Z,0,0,95,0,14.8,0,16.1,848.9,16.3,16.5,98.1,261,254,0,0,286,0,0,16.6,16.2,12.4
2026-04-28T02:32:50Z,0,0,95,0,14.8,0,16.1,849,16.3,16.6,98.1,259,253,0,0,286,0,0,16.7,16.3,12.5
2026-04-28T02:47:56Z,0,0,95.2,0,14.8,0,16.2,849.1,16.3,16.6,98.2,260,254,0,0,80,0,0,16.7,16.3,12.5
2026-04-28T03:03:03Z,0,0,95.2,0,14.8,0,16.3,849.3,16.4,16.6,98.2,262,254,0,0,80,0,0,16.8,16.4,12.6
2026-04-28T03:18:10Z,0,0,95.2,0,14.8,0,16.4,849.4,16.4,16.7,98.2,260,254,0,0,79,0,0,16.9,16.5,12.7
2026-04-28T03:33:16Z,0,0,95.2,0,14.8,0,16.4,849.4,16.6,16.8,98.2,263,273,0,0,76,0,0,16.9,16.6,12.7
2026-04-28T03:48:41Z,0,0,95.2,0.1,14.8,0,16.6,849.4,16.6,16.9,98.3,269,347,0,0,76,0.2,0.2,17.1,16.7,12.8
2026-04-28T04:03:48Z,0,0,95.2,0.1,14.8,0,16.6,849.4,16.7,17,98.3,278,447,0,0,76,0,0,17.2,16.8,12.9
2026-04-28T04:18:54Z,0,0,95.2,0.2,14.8,0,16.7,849.4,16.8,17.1,98.3,292,600,0,0,76,0,0,17.2,16.8,13
2026-04-28T04:34:00Z,0,0,95.2,0.3,14.8,0,16.8,849.7,16.9,17.2,98.3,316,850,0,0,76,0,0,17.3,17,13.1
2026-04-28T04:49:07Z,0,0,95.2,0.5,14.8,0,17.3,849.7,17.4,17.5,98.3,342,1143,0,0,76,0,0,17.7,17.3,13.5
2026-04-28T05:04:13Z,0,0,95.2,0.6,14.8,0,17.4,849.7,17.6,17.7,98.3,366,1364,0,0,104,0.4,0.4,17.9,17.5,13.6
2026-04-28T05:19:20Z,0,0,95.2,0.7,14.8,0,17.5,849.8,17.7,17.8,98.3,381,1547,0,0,117,0,0,18,17.6,13.7
2026-04-28T05:34:49Z,0,0,95.2,1,14.8,0,17.8,849.7,17.9,17.9,98.2,453,2289,0,0.6,251,1.5,1.5,18.1,17.7,13.8
2026-04-28T05:49:56Z,0,0,95.2,0.7,14.8,0,18,849.8,18.2,18,98.2,389,1497,0,0.9,265,1.3,1.3,18.3,17.8,14
2026-04-28T06:05:02Z,0,0,0,2,95.4,0,18.2,849.9,18.4,18.4,97.7,622,4062,0,1.1,260,1.7,1.7,18.6,18.1,14.3
2026-04-28T06:20:08Z,0,0,0,1.2,95.4,0,18.5,850,18.6,18.6,96.7,487,2633,0,1.2,196,2.2,2.2,18.8,18.2,14.5
2026-04-28T06:35:15Z,0,0,0,1.9,95.4,0,18.8,850.2,18.9,19,94.5,615,3984,0,0.2,241,0.7,0.7,19.2,18.3,14.8
2026-04-28T06:50:20Z,0,0,0,1.5,95.4,0,19.7,850,19.6,19.9,88.2,538,3213,0,0.6,209,1.3,1.3,20.1,18.5,15.7
2026-04-28T07:05:27Z,0,0,0,2,95.4,0,20.8,850,20.8,21,80.1,628,4123,0,1,234,1.5,1.5,21.1,18.5,16.5
2026-04-28T07:20:55Z,0,0,0,1.7,95.4,0,21.9,849.9,22.1,22,78.3,569,3532,0,0,207,0,0,22.1,19.2,17.4
2026-04-28T07:36:01Z,0,0,0,2.4,95.4,0,22.8,849.9,23.2,23,72.6,708,4978,0,0.1,151,0.4,0.4,23.1,19.4,18.3
2026-04-28T07:51:07Z,0,0,0,1.8,95.4,0,23.1,849.9,23.7,23.4,68.1,585,3682,0,0.6,151,1.3,1.3,23.5,19.2,18.6
2026-04-28T08:06:14Z,0,0,0,1.5,95.4,0,23.7,849.7,24.1,24.2,66.3,527,3096,0,0,154,0,0,24.3,19.7,19.2
2026-04-28T08:21:20Z,0,0,0,1.6,95.4,0,23,849.6,23.6,23.5,69.8,562,3456,0,0.4,188,1.5,1.5,23.7,19.6,18.7
2026-04-28T08:36:27Z,0,0,0,2.4,95.4,0,23.3,849.4,23.7,23.8,69.3,700,4845,0,0.7,174,2.2,2.2,23.9,19.7,18.9
2026-04-28T08:51:54Z,0,0,0,3,95.4,0,24.5,849.1,25.1,25,60.8,816,5938,0,0.6,114,2,2,25,19.6,19.8
2026-04-28T09:06:57Z,0,0,0,3.9,95.4,0,25.2,848.8,26.2,25.7,61.8,985,7772,0,0,193,0.2,0.2,25.8,20.4,20.4
2026-04-28T09:22:03Z,0,0,0,2.3,95.4,0,25.3,848.6,26,26,60.9,680,4568,0,0,67,0.2,0.2,26.2,20.6,20.7
2026-04-28T09:37:09Z,0,0,0,5.8,95.4,0,26,848.4,26.5,26.6,58,1335,11520,0,0.9,181,2.8,2.8,27.5,20.7,21.7
2026-04-28T09:52:15Z,0,0,0,1.9,95.4,0,24.8,848.1,25.4,25.6,63.2,602,3733,0,0,160,0,0,25.7,20.5,20.3
2026-04-28T10:07:22Z,0,0,0,4.1,95.4,0,25.5,847.6,26.4,26.2,60.6,1023,8119,0,0.1,192,0.4,0.4,26.3,20.6,20.8
2026-04-28T10:22:28Z,0,0,0,4,95.4,0,26.7,847.2,27,27.4,58,1004,7936,0,0.2,64,0.7,0.7,28.4,21.3,22.3
2026-04-28T10:37:35Z,0,0,0,4.3,95.4,0,27,846.9,27.4,27.6,56.8,1056,8500,0,0.2,62,0.4,0.4,28.6,21.4,22.5
2026-04-28T10:52:56Z,0,0,0,3.6,95.4,0,26.1,846.8,26.4,26.9,59.9,931,7193,0,0,168,0.4,0.4,28,21.2,22
2026-04-28T11:08:02Z,0,0,0,3.9,95.4,0,26,846.5,26.7,26.8,60.6,978,7688,0,0.3,133,1.3,1.3,27.9,21.2,21.9
2026-04-28T11:23:08Z,0,0,0,0.7,95.4,0,25.4,846.3,25.8,26.4,60,387,1475,0,0,140,0.4,0.4,26.5,20.8,20.9
2026-04-28T11:38:14Z,0,0,0,0.9,95.4,0,24.8,846.3,25.2,25.4,64,434,1918,0,0.2,184,0.9,0.9,25.5,20.4,20.1
2026-04-28T11:54:05Z,0,0,0,1,95.4,0,25,845.9,25.4,25.5,57.7,453,2109,0,0.4,188,2,2,25.6,19.6,20.2
2026-04-28T12:09:12Z,0,0,0,3.4,95.4,0,25.5,845.8,26.1,26.2,67.7,893,6843,0,0.9,182,2.4,2.4,26.4,21.7,20.8
2026-04-28T12:24:19Z,0,0,0,3.1,95.4,0,25.6,845.6,26.1,26.4,60.5,835,6256,0,0.7,95,3.1,3.1,26.6,20.8,21
2026-04-28T12:39:25Z,0,0,0,0.9,95.4,0,24.6,845.6,25.1,25.4,62.5,415,1894,0,0.4,113,2.2,2.2,25.5,20.3,20.2
2026-04-28T12:54:31Z,0,0,0,1.2,95.4,0,23.5,845.5,23.6,24.4,69.4,484,2688,0,1.2,83,2.2,2.2,24.5,20.3,19.4
2026-04-28T13:09:56Z,0,0,0,0.7,95.4,0,22.2,845.7,22.2,23,79.1,387,1637,0,0,83,0.4,0.4,23.2,20.3,18.3
2026-04-28T13:25:03Z,0,0,0.2,0.7,95.4,0,21.2,845.8,21.4,21.9,80.5,387,1633,0,0.4,152,1.5,1.5,22.1,19.4,17.4
2026-04-28T13:40:09Z,0,0,0.2,0.5,95.4,0,20.5,846.1,20.8,21,82.1,349,1223,0,0,73,0.2,0.2,21.2,18.8,16.6
2026-04-28T13:55:15Z,0,0,0.2,0.3,95.4,0,19.9,846.2,20.1,20.5,79.9,315,841,0,1.3,84,3.1,3.1,20.6,18,16.1
2026-04-28T14:11:01Z,0,0,0.2,0.2,95.4,0,19.5,846.3,19.6,20,84.7,288,581,0,0.5,70,0.9,0.9,20.2,18.1,15.7
2026-04-28T14:26:07Z,0,0,0.2,0.1,95.4,0,19.2,846.5,19.3,19.7,88.3,280,476,0,0.2,108,0.9,0.9,19.9,18.3,15.4
2026-04-28T14:41:14Z,0,0,1.4,0.1,95.4,0,18.9,846.6,18.9,19.4,90.7,276,438,0,0.3,87,0.9,0.9,19.6,18.2,15.2
2026-04-28T14:56:19Z,0,0,1.6,0.1,95.4,0,18.9,847.1,19,19.3,92.1,270,372,0,0.1,93,0.7,0.7,19.5,18.4,15.1
2026-04-28T15:11:25Z,0,0,1.6,0,95.4,0,18.9,847.3,19,19.3,92.8,265,305,0,0,93,0,0,19.5,18.4,15.1
2026-04-28T15:27:10Z,0,0,1.6,0,95.4,0,18.7,847.6,18.9,19.2,92.9,260,258,0,0,80,0.4,0.4,19.4,18.3,15
2026-04-28T15:42:17Z,0,0,1.6,0,95.4,0,18.8,847.6,18.9,19.2,93.7,260,255,0,0,80,0,0,19.4,18.4,15
2026-04-28T15:57:23Z,0,0,1.6,0,95.4,0,18.9,847.8,19,19.2,94.4,259,252,0,0.1,80,0.4,0.4,19.5,18.6,15.1
2026-04-28T16:12:29Z,0,0,1.8,0,95.4,0,18.7,847.8,18.8,19.1,94.5,260,252,0,0,80,0,0,19.3,18.4,14.9
2026-04-28T16:27:36Z,0,0,1.8,0,95.4,0,18.7,848.2,18.9,19.1,94.7,260,253,0,0,80,0,0,19.3,18.4,14.9
2026-04-28T16:42:42Z,0,0,1.8,0,95.4,0,18.6,848.4,18.7,19,94.9,260,253,0,0,80,0,0,19.2,18.3,14.8
2026-04-28T16:58:07Z,0,0,1.8,0,95.4,0,18.5,848.7,18.6,18.8,94.6,261,254,0,0.2,78,0.7,0.7,19,18.2,14.7
2026-04-28T17:13:13Z,0,0,1.8,0,95.4,0,18.5,849.1,18.6,18.8,94.4,260,253,0,0,78,0,0,19,18.2,14.7
2026-04-28T17:28:20Z,0,0,1.8,0,95.4,0,18.3,849.3,18.4,18.7,94.1,261,253,0,0,78,0,0,18.8,17.9,14.5
2026-04-28T17:43:27Z,0,0,1.8,0,95.4,0,18.4,849.5,18.6,18.7,94.8,260,253,0,0,78,0.2,0.2,18.9,18.1,14.6
2026-04-28T17:58:33Z,0,0,1.8,0,95.4,0,18,849.8,18.2,18.5,91.7,261,253,0,1.5,249,2.6,2.6,18.7,17.5,14.4
2026-04-28T18:13:39Z,0,0,1.8,0,95.4,0,17.8,849.8,17.9,18.1,89.6,258,253,0,0.9,244,1.7,1.7,18.3,16.9,14
2026-04-28T18:28:46Z,0,0,1.8,0,95.4,0,17.5,849.9,17.6,17.8,90.2,259,252,0,0.1,266,0.6,0.6,17.9,16.6,13.6
2026-04-28T18:44:12Z,0,0,1.8,0,95.4,0,17.5,850.2,17.6,17.8,91.1,260,253,0,0.2,280,0.4,0.4,17.9,16.7,13.6
2026-04-28T18:59:19Z,0,0,2,0,95.4,0,17.3,850.6,17.4,17.7,92.7,260,253,0,0.1,349,0.4,0.4,17.8,16.8,13.5
2026-04-28T19:14:25Z,0.4,0,5.2,0,95.4,0,17.1,850.5,17.2,17.5,94,261,253,0,0,348,0,0,17.6,16.7,13.3
2026-04-28T19:29:31Z,0.4,0,9,0,95.4,0,17,850.6,17,17.3,95.5,260,253,0,0,341,0,0,17.4,16.7,13.2
2026-04-28T19:44:37Z,0,0,10,0,95.4,0,16.9,850.4,16.9,17.2,96,260,254,0,0.1,334,0.4,0.4,17.3,16.7,13.1
2026-04-28T19:59:44Z,0,0,10,0,95.4,0,16.8,850.6,16.8,17.1,96.1,260,254,0,0.1,260,0.7,0.7,17.2,16.6,13
2026-04-28T20:14:50Z,0,0,10.4,0,95.4,0,16.8,850.4,16.8,17.1,96.2,261,253,0,0,243,0.2,0.2,17.2,16.6,13
2026-04-28T20:30:15Z,0,0,11.2,0,95.4,0,16.9,850.3,17,17.2,96.4,260,254,0,0,267,0,0,17.4,16.8,13.1
2026-04-28T20:45:21Z,0,0,12,0,95.4,0,16.9,850.2,17,17.3,96.6,260,253,0,0,266,0,0,17.4,16.9,13.2
2026-04-28T21:00:27Z,0.2,0,12.6,0,95.4,0,17,850.3,17.1,17.4,96.7,260,252,0,0.2,270,0.7,0.7,17.5,17,13.3
2026-04-28T21:15:34Z,0,0,13.4,0,95.4,0,16.7,850,16.8,17,96.7,261,254,0,0.1,275,0.7,0.7,17.2,16.6,12.9
2026-04-28T21:30:40Z,0,0,14.6,0,95.4,0,16.6,849.7,16.6,16.9,96.8,261,254,0,0.2,275,0.7,0.7,17.1,16.6,12.8
2026-04-28T21:45:46Z,0,0,15.2,0,95.4,0,16.6,849.5,16.7,17,96.9,259,253,0,0,266,0,0,17.1,16.6,12.9
2026-04-28T22:00:53Z,0,0,15.4,0,95.4,0,16.6,849.3,16.7,16.9,96.9,259,253,0,0,267,0.4,0.4,17.1,16.6,12.8
2026-04-28T22:16:18Z,0,0,15.6,0,95.4,0,16.6,849.2,16.7,17,97.1,260,253,0,0,335,0.2,0.2,17.1,16.6,12.9
2026-04-28T22:31:25Z,0,0,15.6,0,95.4,0,16.5,849.2,16.6,16.9,97.1,261,254,0,0,327,0,0,17,16.5,12.8
2026-04-28T22:46:31Z,0,0,15.6,0,95.4,0,16.5,849,16.6,16.9,97,261,252,0,0,239,0,0,17,16.5,12.8
2026-04-28T23:01:37Z,0,0,15.6,0,95.4,0,16.6,849,16.7,16.9,97.1,260,253,0,0,239,0,0,17.1,16.6,12.8
2026-04-28T23:16:44Z,0,0,15.8,0,95.4,0,16.7,848.9,16.7,17,97.1,261,254,0,0.2,208,0.7,0.7,17.2,16.7,12.9
2026-04-28T23:31:50Z,0,0,16.2,0,95.4,0,16.6,848.9,16.7,17,97.1,260,254,0,0,207,0,0,17.1,16.6,12.9
2026-04-28T23:46:57Z,0.2,0,16.8,0,95.4,0,16.6,848.9,16.8,17,97.2,260,253,0,0,207,0,0,17.1,16.6,12.9
2026-04-29T00:00:21Z,0.2,0,17.6,0,95.4,0,16.7,848.8,16.7,17,97.2,259,253,0,0,207,0,0,17.2,16.7,12.9
2026-04-29T00:15:28Z,0,0,18.2,0,95.4,0,16.6,848.7,16.7,16.9,97.2,261,253,0,0,207,0,0,17,16.5,12.8
2026-04-29T00:31:16Z,0,0,18.8,0,95.4,0,16.6,848.6,16.7,17,97.2,261,254,0,0,207,0,0,17.1,16.6,12.9
2026-04-29T00:46:29Z,0,0,19.2,0,95.4,0,16.5,848.5,16.6,16.9,97.3,260,254,0,0,207,0,0,17,16.5,12.8
2026-04-29T01:01:41Z,0,0,19.6,0,95.4,0,16.6,848.8,16.6,16.9,97.3,261,254,0,0,207,0,0,17.1,16.6,12.8
2026-04-29T01:16:47Z,0.2,0,20,0,95.4,0,16.6,848.8,16.6,16.9,97.3,262,253,0,0,207,0,0,17.1,16.6,12.8
2026-04-29T01:31:54Z,0,0,20.2,0,95.4,0,16.5,849.1,16.6,16.9,97.4,260,254,0,0.2,208,0.7,0.7,17,16.6,12.8
2026-04-29T01:47:01Z,0,0,20.4,0,95.4,0,16.5,849.2,16.6,16.8,97.4,259,254,0,0,208,0.2,0.2,17,16.5,12.8
2026-04-29T02:02:07Z,0,0,20.4,0,95.4,0,16.5,849.3,16.6,16.8,97.5,259,253,0,0.3,84,1.3,1.3,17,16.5,12.8
2026-04-29T02:17:14Z,0,0,20.6,0,95.4,0,16.4,849.3,16.5,16.8,97.5,260,252,0,0.1,82,0.4,0.4,16.9,16.5,12.7
2026-04-29T02:32:53Z,0,0,20.6,0,95.4,0,16.2,849.4,16.3,16.6,97.5,260,253,0,0,82,0,0,16.8,16.3,12.5
2026-04-29T02:47:59Z,0,0,20.8,0,95.4,0,16.2,849.5,16.3,16.6,97.5,260,253,0,0,82,0.4,0.4,16.7,16.3,12.5
2026-04-29T03:03:06Z,0,0,20.8,0,95.4,0,16.2,849.6,16.2,16.6,97.5,259,253,0,0.2,82,0.7,0.7,16.7,16.3,12.5
2026-04-29T03:18:12Z,0,0,20.8,0,95.4,0,16,849.8,16.3,16.4,97.5,260,254,0,0.2,82,0.4,0.4,16.5,16.1,12.3
2026-04-29T03:33:19Z,0,0,20.8,0,95.4,0,15.9,850.1,16.2,16.3,97.4,261,263,0,0.1,82,0.2,0.2,16.4,16,12.2
2026-04-29T03:48:25Z,0,0,20.8,0,95.4,0,15.9,850.3,16.2,16.3,97.4,262,270,0,0.1,82,0.2,0.2,16.4,16,12.2
2026-04-29T04:03:48Z,0,0,21,0.1,95.4,0,15.9,850.4,16.2,16.3,97.4,267,313,0,0,82,0,0,16.4,16,12.2
2026-04-29T04:18:54Z,0,0,21.2,0.1,95.4,0,16,850.5,16.2,16.4,97.4,270,360,0,0,82,0,0,16.5,16.1,12.3
2026-04-29T04:34:01Z,0,0,21.4,0.1,95.4,0,15.9,850.7,16.1,16.3,97.5,277,409,0,0,82,0,0,16.4,16,12.2
2026-04-29T04:49:07Z,0,0,21.8,0.1,95.4,0,15.9,851,16.2,16.3,97.4,282,466,0,0,82,0,0,16.4,16,12.2
2026-04-29T05:04:14Z,0,0,22.4,0.2,95.4,0,16.1,851.3,16.3,16.4,97.5,290,549,0,0,82,0,0,16.5,16.1,12.3
2026-04-29T05:19:21Z,0.2,0,23.4,0.2,95.4,0,16.2,851.6,16.2,16.5,97.5,301,670,0,0,82,0,0,16.7,16.2,12.5
2026-04-29T05:34:59Z,0,0,23.8,0.3,95.4,0,16.3,851.7,16.4,16.6,97.5,316,832,0,0,82,0,0,16.8,16.3,12.6
2026-04-29T05:50:06Z,0,0,24.4,0.4,95.4,0,16.4,851.9,16.5,16.8,97.5,326,938,0,0,82,0,0,17,16.5,12.8
2026-04-29T06:05:13Z,0,0,0,0.4,24.8,0,16.7,851.9,16.8,17.1,97.4,337,1066,0,0,82,0,0,17.2,16.8,13
2026-04-29T06:20:19Z,0,0,0.2,0.7,24.8,0,16.9,851.9,17,17.3,97.4,381,1540,0,0,82,0,0,17.5,17,13.2
2026-04-29T06:35:26Z,0,0,0.2,1,24.8,0,17.1,852,17.4,17.5,97.2,439,2124,0,0,82,0,0,17.7,17.2,13.4
2026-04-29T06:50:33Z,0,0,0.4,0.8,24.8,0,17.5,852,17.6,17.9,96.6,398,1720,0,0,83,0,0,18,17.4,13.8
2026-04-29T07:06:00Z,0,0,0.8,1.1,24.8,0,17.4,851.9,17.5,17.7,95.8,456,2311,0,0.4,83,0.9,0.9,17.8,17.2,13.6
2026-04-29T07:21:06Z,0,0,0.8,0.9,24.8,0,17.9,851.8,18.1,18.2,95.4,427,2035,0,0.1,179,0.7,0.7,18.4,17.7,14.1
2026-04-29T07:36:12Z,0,0,0.8,1,24.8,0,18.1,851.7,18.3,18.4,94.3,453,2319,0,0.2,179,0.9,0.9,18.6,17.7,14.3
2026-04-29T07:51:19Z,0,0,0.8,1.4,24.8,0,18.6,851.6,18.8,18.9,92.3,516,2956,0,0,179,0.2,0.2,19.1,18,14.8
2026-04-29T08:06:25Z,0,0,0.8,1.3,24.8,0,18.8,851.5,19,19.1,90.9,501,2793,0,0.3,179,0.7,0.7,19.2,18,14.9
2026-04-29T08:21:31Z,0,0,0.8,1.1,24.8,0,18.4,851.5,18.7,18.8,90.6,455,2339,0,0.2,191,1.1,1.1,18.9,17.6,14.6
2026-04-29T08:36:37Z,0,0,1,1.1,24.8,0,18.6,851.5,18.9,19.1,88.9,473,2489,0,0.8,191,1.7,1.7,19.2,17.7,14.8
2026-04-29T08:52:00Z,0,0,1,1.3,24.8,0,18.7,851.4,19.1,19.2,89.3,494,2727,0,0.2,193,0.4,0.4,19.4,17.9,15
2026-04-29T09:07:06Z,0,0,1,1.5,24.8,0,19.8,851.3,20.1,20.1,86.1,543,3248,0,0,193,0.2,0.2,20.3,18.4,15.8
2026-04-29T09:22:12Z,0,0,1,1.7,24.8,0,20.4,851.1,20.8,20.6,85.5,571,3537,0,0,192,0,0,20.8,18.8,16.2
2026-04-29T09:37:19Z,0,0,1,1.8,24.8,0,21.8,850.9,22,22.3,80.7,595,3779,0,0,192,0,0,22.5,19.8,17.7
2026-04-29T09:53:07Z,0,0,1,1.7,24.8,0,21.4,850.5,22.1,21.6,81.3,567,3498,0,0.2,193,1,1,21.8,19.3,17.2
2026-04-29T10:08:13Z,0,0,1,1.2,24.8,0,22,850.2,22.3,22.2,77.9,489,2696,0,0,192,0,0,22.4,19.4,17.6
2026-04-29T10:23:20Z,0,0,1.2,1.5,24.8,0,21.3,849.9,21.7,21.5,83.8,539,3245,0,0,192,0,0,21.7,19.5,17.1
2026-04-29T10:38:26Z,0,0,1.4,1.9,24.8,0,21.1,849.7,21.6,21.4,83.9,605,3947,0,0,192,0,0,21.6,19.3,16.9
2026-04-29T10:53:33Z,0,0,1.4,3.1,24.8,0,21.6,849.4,22.1,22.1,78.7,839,6508,0,0.1,193,1.1,1.1,22.3,19.4,17.5
2026-04-29T11:08:39Z,0,0,1.4,2.9,24.8,0,22.7,849.2,23.1,22.8,76.1,790,5878,0,1,221,2,2,23,19.7,18.1
2026-04-29T11:24:10Z,0,0,1.4,1.2,24.8,0,22.3,848.9,22.8,22.6,76.4,479,2556,0,0.1,200,0.7,0.7,22.8,19.6,18
2026-04-29T11:39:16Z,0,0,1.4,2.3,24.8,0,22,848.7,22.6,22.5,74.6,693,4828,0,0.4,213,1.1,1.1,22.7,19.3,17.9
2026-04-29T11:54:22Z,0,0,1.4,1.1,24.8,0,22.6,848.5,23.3,23.5,70.5,471,2417,0,0.5,192,1.3,1.3,23.6,19.6,18.7
2026-04-29T12:09:29Z,0,0,1.4,2,24.8,0,22.3,848.3,22.9,22.8,73.8,637,4189,0,0.2,185,1.3,1.3,22.9,19.3,18
2026-04-29T12:24:35Z,0,0,1.4,2.4,24.8,0,22.5,847.8,23.2,23,73.5,707,5011,0,0,185,0,0,23.1,19.5,18.2
2026-04-29T12:39:42Z,0,0,1.4,2.4,24.8,0,22.9,847.6,23.7,23.5,74.3,703,4970,0,0.5,161,0.9,0.9,23.7,20.2,18.7
2026-04-29T12:55:11Z,0,0,1.4,2.4,24.8,0,22.7,847.6,23.4,23,70.2,700,4996,0,1,240,2.4,2.4,23.1,19.1,18.2
2026-04-29T13:10:18Z,0,0,1.4,1.3,24.8,0,22.9,847.5,23.7,23.2,67.9,503,2761,0,0.1,214,0.6,0.6,23.3,19,18.4
2026-04-29T13:25:23Z,0,0,1.4,1.2,24.8,0,24.8,847.4,25.6,25.8,61.5,481,2509,0,0,214,0.2,0.2,25.9,20.4,20.4
2026-04-29T13:41:21Z,0,0,1.4,1.3,24.8,0,24.4,847.2,25.6,25.2,62.5,498,2816,0,0.3,214,0.9,0.9,25.3,20.1,20
2026-04-29T13:56:27Z,0,0,1.4,1,24.8,0,23.4,847.3,24.6,24.6,62.1,452,2292,0,0,164,0.2,0.2,24.7,19.5,19.5
2026-04-29T14:11:33Z,0,0,1.4,0.8,24.8,0,22.9,847.3,24.3,24.3,63.4,402,1755,0,0.4,164,1.1,1.1,24.4,19.3,19.3
2026-04-29T14:26:39Z,0,0,1.4,0.5,24.8,0,22.6,847.5,23.9,23.8,63.9,356,1267,0,0,176,0.2,0.2,23.9,19,18.9
2026-04-29T14:41:46Z,0,0,1.4,0.2,24.8,0,21.7,847.5,22.4,22.2,69.2,295,524,0,0.1,152,0.9,0.9,22.2,18.2,17.5
2026-04-29T14:56:52Z,0,0,1.4,0.2,24.8,0,21.1,847.5,21.4,21.4,71.2,285,438,0,0,152,0,0,21.5,17.8,16.8
2026-04-29T15:12:13Z,0,0,1.4,0.1,24.8,0,20.6,847.6,20.8,20.8,74.1,274,384,0,0,152,0,0,20.8,17.5,16.3
2026-04-29T15:27:20Z,0,0,1.4,0,24.8,0,20,847.7,20.1,20.2,76.2,265,290,0,0,152,0,0,20.2,17.2,15.7
2026-04-29T15:42:26Z,0,0,1.4,0,24.8,0,19.4,848,19.4,19.5,78.8,260,255,0,0,152,0,0,19.6,16.9,15.2
2026-04-29T15:57:32Z,0,0,1.4,0,24.8,0,18.8,848.4,18.8,19,81.3,260,253,0,0,152,0,0,19.1,16.8,14.7
2026-04-29T16:12:38Z,0,0,1.4,0,24.8,0,18.6,848.7,18.6,18.8,86.3,260,253,0,0,152,0,0,18.9,17.2,14.6
2026-04-29T16:27:44Z,0,0,1.4,0,24.8,0,18.2,848.7,18.2,18.4,87.7,260,254,0,0,152,0,0,18.5,16.9,14.2
2026-04-29T16:42:51Z,0,0,1.4,0,24.8,0,17.9,849,17.9,18.1,89.7,260,253,0,0,152,0,0,18.2,16.9,13.9
2026-04-29T16:58:17Z,0,0,1.4,0,24.8,0,17.7,849.2,17.8,18,91.2,259,253,0,0,152,0,0,18.1,16.9,13.8
2026-04-29T17:13:23Z,0,0,1.4,0,24.8,0,17.5,849.5,17.6,17.8,92.2,259,252,0,0,152,0,0,17.9,16.9,13.7
2026-04-29T17:28:30Z,0,0,1.4,0,24.8,0,17.3,849.8,17.4,17.6,92.9,260,253,0,0,152,0,0,17.7,16.8,13.5
2026-04-29T17:43:36Z,0,0,1.4,0,24.8,0,17.2,850,17.3,17.5,93.7,261,254,0,0,152,0,0,17.6,16.7,13.4
2026-04-29T17:58:43Z,0,0,1.4,0,24.8,0,17.2,850.3,17.2,17.5,94.4,259,253,0,0,152,0,0,17.6,16.8,13.4
2026-04-29T18:13:50Z,0,0,1.4,0,24.8,0,17.2,850.5,17.3,17.5,94.4,261,253,0,0,152,0,0,17.7,16.9,13.4
2026-04-29T18:29:17Z,0,0,1.4,0,24.8,0,17,850.5,17.2,17.4,94.4,260,254,0,0,152,0,0,17.5,16.7,13.2
2026-04-29T18:44:24Z,0,0,1.4,0,24.8,0,16.9,850.6,17,17.2,94.6,259,253,0,0,152,0,0,17.4,16.6,13.1
2026-04-29T18:59:31Z,0,0,1.4,0,24.8,0,16.8,850.7,16.8,17.1,94.9,260,253,0,0,152,0,0,17.2,16.5,13
2026-04-29T19:14:37Z,0,0,1.4,0,24.8,0,16.7,850.6,16.8,17.1,95.3,260,253,0,0,152,0.2,0.2,17.2,16.5,12.9
2026-04-29T19:29:44Z,0,0,1.4,0,24.8,0,16.7,850.5,16.8,17,95.4,262,253,0,0,152,0,0,17.1,16.4,12.9
2026-04-29T19:45:43Z,0,0,1.4,0,24.8,0,16.6,850.6,16.7,17,95.6,260,254,0,0,152,0,0,17.1,16.5,12.9
2026-04-29T20:00:49Z,0,0,1.4,0,24.8,0,16.6,850.7,16.7,16.9,95.8,260,255,0,0,152,0,0,17.1,16.4,12.8
2026-04-29T20:15:55Z,0,0,1.4,0,24.8,0,16.6,850.7,16.8,17,96,260,253,0,0,152,0,0,17.2,16.6,12.9
2026-04-29T20:31:02Z,0,0,1.4,0,24.8,0,16.5,850.7,16.6,16.8,96,262,254,0,0,152,0,0,17,16.4,12.7
2026-04-29T20:46:24Z,0,0,1.4,0,24.8,0,16.5,850.6,16.6,16.9,96.1,259,254,0,0,152,0,0,17,16.4,12.8
2026-04-29T21:01:30Z,0,0,1.4,0,24.8,0,16.4,850.5,16.5,16.7,96.1,260,253,0,0,152,0,0,16.9,16.3,12.6
2026-04-29T21:16:37Z,0,0,1.4,0,24.8,0,16.2,850.4,16.3,16.6,96.2,261,254,0,0,152,0,0,16.7,16.1,12.5
2026-04-29T21:31:44Z,0,0,1.4,0,24.8,0,16.1,850.5,16.3,16.5,96.2,261,252,0,0,152,0,0,16.6,16,12.4
2026-04-29T21:46:51Z,0,0,1.4,0,24.8,0,16,850.2,16.3,16.4,96.3,260,253,0,0,152,0,0,16.5,16,12.3
2026-04-29T22:01:58Z,0,0,1.4,0,24.8,0,16,850.1,16.2,16.3,96.3,259,253,0,0,152,0,0,16.4,15.9,12.2
2026-04-29T22:17:05Z,0,0,1.4,0,24.8,0,15.9,850,16.2,16.3,96.4,261,253,0,0,152,0,0,16.4,15.9,12.2
2026-04-29T22:32:30Z,0,0,1.4,0,24.8,0,15.7,849.8,16,16.1,96.3,260,253,0,0,152,0,0,16.2,15.6,12
2026-04-29T22:47:37Z,0,0,1.4,0,24.8,0,15.6,849.5,15.9,16,96.4,260,253,0,0,152,0,0,16.1,15.6,11.9
2026-04-29T23:02:44Z,0,0,1.4,0,24.8,0,15.6,849.3,15.8,15.9,96.4,260,254,0,0,152,0,0,16,15.5,11.8
2026-04-29T23:17:51Z,0,0,1.4,0,24.8,0,15.6,849.2,15.9,15.9,96.5,260,255,0,0,152,0,0,16,15.5,11.8
2026-04-29T23:33:25Z,0,0,1.4,0,24.8,0,15.5,849.2,15.8,15.9,96.5,259,253,0,0,152,0,0,15.9,15.4,11.7
2026-04-29T23:48:49Z,0,0,1.4,0,24.8,0,15.4,849.1,15.7,15.8,96.6,259,254,0,0,152,0,0,15.9,15.4,11.7
2026-04-30T00:00:55Z,0,0,1.4,0,24.8,0,15.4,849.1,15.8,15.8,96.7,261,252,0,0,152,0,0,15.9,15.4,11.7
2026-04-30T00:16:01Z,0,0,1.4,0,24.8,0,15.4,849.1,15.7,15.8,96.7,261,254,0,0,152,0,0,15.8,15.4,11.7
2026-04-30T00:31:08Z,0,0,1.4,0,24.8,0,15.5,849.1,15.8,15.9,96.7,261,253,0,0,152,0,0,16,15.5,11.8
2026-04-30T00:46:14Z,0,0,1.4,0,24.8,0,15.5,849.2,15.8,15.9,96.8,261,253,0,0,152,0,0,16,15.6,11.8
2026-04-30T01:01:21Z,0,0,1.4,0,24.8,0,15.5,849.3,15.8,15.9,96.5,260,252,0,0.1,152,0.7,0.7,16,15.5,11.8
2026-04-30T01:16:28Z,0,0,1.4,0,24.8,0,15.5,849.4,15.9,15.9,96.3,260,253,0,0,152,0,0,16,15.5,11.8
2026-04-30T01:31:52Z,0,0,1.4,0,24.8,0,15.6,849.3,15.9,16,96.2,260,254,0,0,152,0,0,16.1,15.5,11.9
2026-04-30T01:46:59Z,0,0,1.4,0,24.8,0,15.6,849.4,15.9,15.9,96,259,253,0,0,152,0,0,16,15.5,11.8
2026-04-30T02:02:06Z,0,0,1.4,0,24.8,0,15.6,849.5,15.9,16,96.2,260,254,0,0,152,0,0,16.1,15.5,11.9
2026-04-30T02:17:12Z,0,0,1.4,0,24.8,0,15.7,849.5,16.1,16.1,96.3,260,255,0,0,152,0,0,16.2,15.7,12
2026-04-30T02:32:19Z,0,0,1.4,0,24.8,0,15.8,849.3,16.1,16.1,96.4,261,254,0,0,152,0,0,16.2,15.7,12
2026-04-30T02:47:25Z,0,0,1.4,0,24.8,0,15.7,849.5,16,16,96.5,260,254,0,0,152,0,0,16.1,15.6,11.9
2026-04-30T03:02:31Z,0,0,1.4,0,24.8,0,15.6,849.6,16,16,96.6,261,254,0,0,152,0,0,16.1,15.6,11.9
2026-04-30T03:17:57Z,0,0,1.4,0,24.8,0,15.7,849.9,15.9,16,96.7,262,257,0,0,152,0,0,16.1,15.6,11.9
2026-04-30T03:33:04Z,0,0,1.4,0,24.8,0,15.7,850.1,16.1,16.1,96.7,265,306,0,0,152,0,0,16.2,15.7,12
2026-04-30T03:48:11Z,0,0,1.4,0.1,24.8,0,15.9,850.3,16.2,16.3,96.7,266,318,0,0,152,0,0,16.4,15.9,12.2
2026-04-30T04:03:17Z,0,0,1.4,0.1,24.8,0,15.9,850.6,16.2,16.3,96.5,267,316,0,0,152,0,0,16.4,15.9,12.2
2026-04-30T04:18:24Z,0,0,1.4,0.1,24.8,0,16,850.7,16.2,16.4,96.1,280,451,0,0.1,152,0.4,0.4,16.5,16,12.3
2026-04-30T04:33:31Z,0,0,1.4,0.3,24.8,0,16.2,850.8,16.3,16.5,95.6,308,749,0,0,152,0.2,0.2,16.6,16,12.4
2026-04-30T04:48:37Z,0,0,1.4,1,24.8,0,16.6,850.8,16.7,17,94.7,438,2273,0,0.3,152,0.7,0.7,17.1,16.4,12.9
2026-04-30T05:04:02Z,0,0,1.4,1.3,24.8,0,17.9,851,18.1,18.1,91.2,494,2899,0,0,152,0.2,0.2,18.3,17.1,14
2026-04-30T05:19:08Z,0,0,1.4,0.7,24.8,0,19.1,851,19,19,88.4,388,1608,0,0,152,0.2,0.2,19.2,17.6,14.8
2026-04-30T05:34:15Z,0,0,1.4,0.7,24.8,0,19.2,851.2,19.2,19.3,87,389,1642,0,0.2,152,0.7,0.7,19.4,17.7,15
2026-04-30T05:49:36Z,0,0,1.4,1,24.8,0,19.4,851.2,19.2,19.3,86.9,439,2164,0,0.6,152,1.1,1.1,19.5,17.7,15.1
2026-04-30T06:04:42Z,0,0,0,1,1.4,0,19.6,851.2,19.9,19.6,85.8,450,2237,0,0,258,0,0,19.7,17.9,15.3
2026-04-30T06:20:05Z,0,0,0,0.9,1.4,0,19.4,851.2,19.4,19.4,85.8,433,2018,0,0,223,0,0,19.5,17.7,15.2
2026-04-30T06:35:12Z,0,0,0,2.8,1.4,0,20.7,851.3,21.1,20.8,81.1,772,5819,0,0.5,201,1.3,1.3,20.9,18.4,16.4
2026-04-30T06:50:18Z,0,0,0,3.1,1.4,0,22.2,851.2,23,22.4,75.5,837,6446,0,0.6,200,1.3,1.3,22.5,19.3,17.8
2026-04-30T07:05:25Z,0,0,0,3,1.4,0,23.1,851.2,24,23.5,70.8,824,6166,0,0.4,218,1.3,1.3,23.7,19.7,18.7
2026-04-30T07:20:31Z,0,0,0,3.3,1.4,0,24.2,851.2,24.8,24.6,66.5,872,6720,0,0.2,84,1.1,1.1,24.7,20.1,19.6
2026-04-30T07:35:38Z,0,0,0,3.6,1.4,0,23.7,851.2,23.8,23.5,70.1,937,7357,0,0,317,0.2,0.2,23.6,19.5,18.6
2026-04-30T07:50:44Z,0,0,0,2.1,1.4,0,23.1,851.1,23.5,22.8,73.4,653,4203,0,0.8,244,2.8,2.8,22.9,19.3,18.1
2026-04-30T08:06:08Z,0,0,0,0.9,1.4,0,21.9,850.9,22.2,22,77.1,433,2018,0,0.1,236,0.4,0.4,22.1,19,17.4
2026-04-30T08:21:15Z,0,0,0,0.9,1.4,0,22.3,850.9,22.5,22.3,76.3,423,1934,0,0,240,0,0,22.5,19.3,17.7
2026-04-30T08:36:22Z,0,0,0,1,1.4,0,22.6,850.8,22.9,22.6,71.5,437,2138,0,0.3,209,0.7,0.7,22.7,18.9,17.9
2026-04-30T08:51:28Z,0,0,0,1.1,1.4,0,23.2,850.6,23.6,23.2,69.6,461,2350,0,0.8,220,1.1,1.1,23.3,19.2,18.4
2026-04-30T09:06:34Z,0,0,0,3,1.4,0,23.5,850.4,23.8,23.6,68.9,812,6248,0,0.2,220,0.9,0.9,23.7,19.5,18.7
2026-04-30T09:21:40Z,0,0,0,4.5,1.4,0,24.8,850.2,25.2,24.8,69.2,1096,9082,0,0.1,252,0.4,0.4,25,20.6,19.7
2026-04-30T09:36:47Z,0,0,0,3,1.4,0,24.4,849.9,25,24.2,65.3,816,6101,0,0.9,243,2.2,2.2,24.3,19.5,19.2
2026-04-30T09:52:12Z,0,0,0,3.8,1.4,0,23.5,849.5,23.6,23.4,68.6,971,7777,0,0.1,210,0.4,0.4,23.5,19.3,18.6
2026-04-30T10:07:19Z,0,0,0,1.1,1.4,0,23.7,849.3,24.1,23.9,67.3,459,2245,0,0.2,212,0.9,0.9,24,19.6,19
2026-04-30T10:22:25Z,0,0,0,4.8,1.4,0,26.1,848.9,26.5,26.5,56.5,1145,9553,0,0.5,157,1.5,1.5,26.6,20.3,21
2026-04-30T10:37:32Z,0,0,0,4.5,1.4,0,26,848.6,26.8,26.7,57.3,1104,9082,0,0.7,165,2,2,27.5,20.6,21.7
2026-04-30T10:52:39Z,0,0,0,3.8,1.4,0,26.2,848.5,26.8,26.4,55.3,968,7773,0,0.5,80,1.5,1.5,26.5,20,20.9
2026-04-30T11:08:21Z,0,0,0,1.1,1.4,0,25.1,848.4,25.7,25.6,60.2,471,2394,0,0.1,171,0.9,0.9,25.7,20.1,20.3
2026-04-30T11:23:28Z,0,0,0,1.1,1.4,0,24.8,848.3,25.4,25.2,63.8,469,2405,0,0.4,230,1.3,1.3,25.3,20.2,20
2026-04-30T11:38:34Z,0,0,0,1.4,1.4,0,25,847.9,25.4,25.5,61.4,511,2845,0,0.3,157,1.1,1.1,25.6,20.1,20.2
2026-04-30T11:53:41Z,0,0,0,0.7,1.4,0,23.4,847.8,23.9,24,68.4,381,1502,0,1.3,175,3.5,3.5,24.1,19.8,19
2026-04-30T12:08:47Z,0,0,0,0.8,1.4,0,22.5,847.7,22.9,23,72.2,409,1782,0,0.8,141,1.7,1.7,23.1,19.3,18.2
2026-04-30T12:24:13Z,0,0,0,1.2,1.4,0,23.1,847.5,23.3,23.5,72.2,483,2506,0,0.2,150,1.5,1.5,23.6,19.8,18.7
2026-04-30T12:39:19Z,0,0,0,1,1.4,0,22.6,847.7,22.9,23.2,69.9,447,2185,0,0.3,75,1.1,1.1,23.3,19.2,18.4
2026-04-30T12:54:26Z,0,0,0,1.2,1.4,0,22.1,847.6,22.3,22.6,71.6,477,2490,0,0.1,151,0.4,0.4,22.7,18.9,17.9
2026-04-30T13:09:33Z,0,0,0,0.9,1.4,0,21.9,847.5,22.1,22.5,74.6,433,2019,0,0.7,168,1.7,1.7,22.6,19.2,17.8
2026-04-30T13:24:39Z,0,0,0,0.7,1.4,0,21.7,847.5,21.8,22.2,75.2,381,1520,0,0.5,124,1.3,1.3,22.3,19,17.6
2026-04-30T13:39:46Z,0,0,0,0.6,1.4,0,21.8,847.5,22,22.3,76.2,372,1413,0,0.6,110,1.7,1.7,22.4,19.2,17.6
2026-04-30T13:54:52Z,0,0,0,0.5,1.4,0,21.7,847.6,21.9,22.2,77.7,346,1085,0,0.2,80,1.3,1.3,22.3,19.3,17.6
2026-04-30T14:10:18Z,0,0,0,0.4,1.4,0,21.5,847.6,21.7,22,77.5,334,951,0,0.9,85,2,2,22.1,19.1,17.4
2026-04-30T14:25:25Z,0,0,0,0.3,1.4,0,21.3,847.8,21.4,21.8,79.3,321,849,0,0,92,0,0,21.9,19.1,17.2
2026-04-30T14:40:32Z,0,0,0,0.2,1.4,0,21.2,847.9,21.4,21.6,80.4,299,622,0,0.1,92,0.4,0.4,21.8,19.2,17.1
2026-04-30T14:56:28Z,0,0,0,0.2,1.4,0,21,848.2,21.1,21.4,82.4,285,498,0,0,92,0.2,0.2,21.6,19.2,16.9
2026-04-30T15:11:30Z,0,0,0,0.1,1.4,0,20.9,848.2,21,21.2,83.1,274,376,0,0,92,0,0,21.4,19.1,16.8
2026-04-30T15:26:37Z,0,0,0,0,1.4,0,20.7,848.3,20.8,21,80.4,262,272,0,0.4,196,1.3,1.3,21.1,18.5,16.6
2026-04-30T15:41:43Z,0,0,0,0,1.4,0,20.5,848.5,20.7,20.9,82.6,262,255,0,0.4,202,1.7,1.7,21,18.7,16.5
2026-04-30T15:56:50Z,0,0,0,0,1.4,0,20.2,848.8,20.4,20.6,84,259,254,0,0.9,165,2.4,2.4,20.7,18.6,16.2
2026-04-30T16:11:57Z,0,0,0,0,1.4,0,19.7,848.8,19.8,20,85.7,260,252,0,0.5,133,1.5,1.5,20.2,18.3,15.7
2026-04-30T16:27:22Z,0,0,0,0,1.4,0,19.4,849,19.6,19.8,86.8,260,254,0,0,88,0.4,0.4,20,18.2,15.5
2026-04-30T16:42:29Z,0,0,0,0,1.4,0,19.4,849.3,19.5,19.7,87.6,259,253,0,0.4,182,1.1,1.1,19.9,18.2,15.4
2026-04-30T16:57:35Z,0,0,0,0,1.4,0,19.2,849.4,19.4,19.6,87.7,263,253,0,0.2,164,1.1,1.1,19.8,18.1,15.4
2026-04-30T17:13:32Z,0,0,0,0,1.4,0,19.2,849.6,19.3,19.6,87.1,259,252,0,0.1,87,0.4,0.4,19.7,18,15.3
2026-04-30T17:28:38Z,0,0,0,0,1.4,0,19.2,849.8,19.3,19.6,86.8,261,253,0,0,94,0,0,19.7,18,15.3
2026-04-30T17:43:45Z,0,0,0,0,1.4,0,19.2,850,19.2,19.5,88.8,260,253,0,0,94,0.2,0.2,19.7,18.2,15.3
2026-04-30T17:58:51Z,0,0,0,0,1.4,0,19,850.3,19.1,19.4,89.1,261,253,0,0,94,0,0,19.6,18.1,15.2
2026-04-30T18:14:05Z,0,0,0,0,1.4,0,19,850.5,19.1,19.3,89.9,260,253,0,0,94,0.4,0.4,19.5,18.1,15.1
2026-04-30T18:29:25Z,0,0,0,0,1.4,0,18.9,850.6,19,19.3,90.1,260,254,0,0.1,0,0.4,0.4,19.4,18.1,15
2026-04-30T18:44:31Z,0,0,0,0,1.4,0,18.8,850.6,18.9,19.1,89.8,259,253,0,0.7,1,1.1,1.1,19.3,17.9,14.9
2026-04-30T18:59:45Z,0,0,0,0,1.4,0,18.7,850.8,18.8,19.1,89.9,262,255,0,0,1,0.2,0.2,19.3,17.9,14.9
2026-04-30T19:14:51Z,0,0,0,0,1.4,0,18.7,850.8,18.8,19,90.4,260,254,0,0.1,1,0.4,0.4,19.2,17.9,14.8
2026-04-30T19:30:33Z,0,0,0,0,1.4,0,18.7,850.9,18.8,19,91,261,253,0,0,1,0,0,19.2,17.9,14.8
2026-04-30T19:45:47Z,0,0,0,0,1.4,0,18.7,851,18.8,19,91.5,260,253,0,0,1,0,0,19.2,18,14.8
2026-04-30T20:00:53Z,0,0,0,0,1.4,0,18.6,851,18.8,19,91.7,260,252,0,0,1,0,0,19.2,18,14.8
2026-04-30T20:16:00Z,0,0,0,0,1.4,0,18.7,851,18.8,19.1,91.6,262,253,0,0.5,184,1.5,1.5,19.2,18,14.9
2026-04-30T20:31:06Z,0,0,0,0,1.4,0,18.7,851.1,18.8,19,90.8,260,253,0,0,89,0.2,0.2,19.2,17.9,14.8
2026-04-30T20:46:31Z,0,0,0,0,1.4,0,18.6,851,18.7,18.9,91.4,260,253,0,0,89,0,0,19.1,17.9,14.7
2026-04-30T21:01:38Z,0,0,0,0,1.4,0,18.4,850.8,18.5,18.7,91.7,260,253,0,0.4,105,1.7,1.7,18.9,17.7,14.6
2026-04-30T21:16:45Z,0,0,0,0,1.4,0,18.3,850.6,18.4,18.6,92.1,261,253,0,0.2,85,0.9,0.9,18.8,17.7,14.5
2026-04-30T21:31:52Z,0,0,0,0,1.4,0,18.3,850.6,18.4,18.7,92.4,260,253,0,0.1,201,0.7,0.7,18.8,17.7,14.5
2026-04-30T21:46:59Z,0.2,0,0.4,0,1.4,0,17.8,850.6,18,18.3,92.5,260,253,0,1.4,171,3.3,3.3,18.4,17.4,14.1
2026-04-30T22:02:05Z,0.2,0,3.6,0,1.4,0,17.3,850.5,17.4,17.7,94.8,260,253,0,0.6,128,2.6,2.6,17.9,17.1,13.6
2026-04-30T22:18:33Z,0,0,4.8,0,1.4,0,17.2,850.4,17.3,17.6,95.6,258,254,0,0.2,139,1.1,1.1,17.7,17.1,13.5
2026-04-30T22:33:57Z,0.2,0,5.8,0,1.4,0,17.1,850.2,17.2,17.5,96,260,253,0,0.3,162,1.1,1.1,17.7,17,13.4
2026-04-30T22:49:04Z,0,0,6.6,0,1.4,0,17.2,850,17.2,17.5,96.2,260,252,0,0,188,0,0,17.7,17.1,13.5
2026-04-30T23:04:11Z,0.2,0,7,0,1.4,0,17.2,849.7,17.2,17.5,96.4,260,253,0,0,89,0,0,17.7,17.1,13.5
2026-04-30T23:19:18Z,0,0,7,0,1.4,0,17.2,849.7,17.2,17.5,96.5,261,254,0,0.2,183,0.8,0.8,17.7,17.1,13.5
2026-04-30T23:34:25Z,0,0,7,0,1.4,0,17.1,849.8,17.2,17.5,96.5,260,254,0,0,124,0.3,0.3,17.6,17,13.4
2026-04-30T23:49:33Z,0.2,0,7.4,0,1.4,0,16.9,849.7,16.9,17.3,96.5,261,254,0,0.5,94,1.6,1.6,17.4,16.9,13.2
